AGS,ADMIN,05.03.2020,06.03.2020,07.03.2020,08.03.2020,09.03.2020,10.03.2020,11.03.2020,12.03.20203,13.03.2020,14.03.2020,15.03.2020,16.03.2020,17.03.2020,18.03.2020,19.03.2020,20.03.2020,21.03.2020,22.03.2020,23.03.2020,24.03.2020,25.03.2020,26.03.2020,27.03.2020,28.03.2020,29.03.2020,30.03.2020,31.03.2020,01.04.2020,02.04.2020,03.04.2020,04.04.2020,05.04.2020,06.04.2020,07.04.2020,08.04.2020,09.04.2020,10.04.2020,11.04.2020,12.04.2020,13.04.2020,14.04.2020,15.04.2020,16.04.2020,17.04.2020,18.04.2020,19.04.2020,20.04.2020,21.04.2020,22.04.2020,23.04.2020,24.04.2020
07131,Ahrweiler (Landkreis),0,0,0,0,0,0,0,0,0,3,3,3,14,17,18,24,31,37,44,48,51,56,58,61,63,68,70,71,74,82,83,91,95,99,101,103,104,107,111,112,113,113,114,114,115,115,115,115,116,116,118
09771,Aichach-Friedberg (Landkreis),1,1,1,1,1,1,1,2,2,2,9,9,10,12,16,24,31,31,39,39,47,55,79,90,106,106,120,128,146,158,158,165,171,176,182,199,218,219,226,227,227,237,252,252,259,262,262,272,273,278,278
08425,Alb-Donau-Kreis (Landkreis),2,2,2,3,3,3,3,6,8,8,11,12,13,26,35,43,57,57,64,67,99,121,164,197,197,226,246,267,285,314,343,366,366,387,390,411,418,440,445,441,447,454,462,467,475,481,495,489,501,514,526
16077,Altenburger Land (Landkreis),0,0,0,0,0,0,0,0,0,2,2,3,4,4,5,5,5,5,7,8,16,17,17,18,19,20,20,21,24,28,30,30,30,31,31,33,33,34,36,36,36,36,37,38,41,41,41,45,45,45,47
07132,Altenkirchen (Westerwald) (Landkreis),0,0,0,0,0,0,0,0,0,1,1,2,3,8,11,13,13,17,17,17,25,31,35,39,39,50,53,53,57,59,62,62,66,71,72,74,82,95,95,101,101,105,107,111,121,121,128,128,128,134,137
15081,Altmarkkreis Salzwedel (Landkreis),0,0,0,0,0,0,0,0,1,1,1,1,1,3,3,3,3,6,6,8,9,10,10,12,12,12,14,15,15,17,17,17,19,21,22,25,27,28,28,28,28,28,29,30,30,30,30,30,30,30,30
09171,Altötting (Landkreis),0,0,0,0,0,0,0,0,0,0,0,0,0,5,7,15,18,18,27,44,52,64,81,95,101,106,125,140,176,203,231,255,272,276,311,367,376,415,419,424,424,437,444,481,511,522,533,538,539,550,552
07331,Alzey-Worms (Landkreis),0,0,0,0,0,0,0,0,0,2,2,8,8,23,24,41,48,55,55,55,60,63,70,75,80,84,85,88,93,96,102,107,107,107,110,120,124,134,136,138,141,150,152,157,163,166,168,170,173,177,180
09361,Amberg (Kreisfreie Stadt),0,0,0,0,0,0,0,0,0,0,1,1,1,2,2,2,2,2,5,5,6,7,7,7,9,9,9,18,18,22,37,34,34,34,41,49,50,50,55,55,55,55,56,58,58,60,66,68,68,69,71
09371,Amberg-Sulzbach (Landkreis),0,1,1,3,3,3,3,3,3,4,7,7,7,15,15,17,18,18,27,27,31,36,44,47,56,56,56,83,84,101,137,142,142,142,184,253,291,291,322,324,324,329,334,341,355,375,400,407,415,421,425
03451,Ammerland (Landkreis),1,1,1,1,1,1,1,1,1,7,7,7,7,11,14,17,20,21,24,33,36,44,50,56,64,77,82,88,93,99,103,107,111,115,119,132,138,140,141,141,149,149,153,158,160,164,165,165,167,168,168
15082,Anhalt-Bitterfeld (Landkreis),0,0,0,0,0,0,0,1,1,2,2,2,6,6,6,8,9,12,13,16,17,26,27,30,30,32,37,37,39,39,41,47,48,49,48,49,49,50,50,50,50,51,50,51,54,56,58,59,62,65,65
09561,Ansbach (Kreisfreie Stadt),0,0,0,0,0,0,0,0,0,0,0,1,1,1,1,5,5,5,7,7,7,10,20,21,23,48,29,33,37,42,44,47,56,61,67,70,80,86,89,89,89,89,89,92,95,102,102,105,108,108,112
09571,Ansbach (Landkreis),0,0,0,0,0,0,0,0,0,0,0,2,3,3,3,13,21,34,40,47,47,49,100,100,120,120,149,161,194,217,221,250,266,272,276,298,321,331,349,357,363,373,373,385,405,415,421,449,459,470,480
09661,Aschaffenburg (Kreisfreie Stadt),0,0,0,0,0,1,1,1,1,1,6,6,6,20,20,20,20,22,26,28,30,31,32,36,42,46,46,48,50,60,63,66,68,90,98,100,103,107,107,113,113,114,117,120,123,123,123,126,129,134,135
09671,Aschaffenburg (Landkreis),0,0,0,0,0,0,1,1,1,2,3,3,3,23,23,26,31,40,49,50,65,65,77,90,103,111,123,129,134,167,187,210,233,277,285,304,317,339,339,358,361,363,390,398,413,413,413,419,421,427,440
09761,Augsburg (Kreisfreie Stadt),2,2,3,4,4,4,4,4,5,5,11,11,11,22,30,34,43,46,52,59,75,90,108,130,136,157,172,183,190,201,225,236,247,256,273,281,294,294,304,309,310,311,312,325,333,340,356,358,359,361,367
09772,Augsburg (Landkreis),0,0,0,0,1,5,17,27,27,27,31,35,35,35,41,53,54,68,78,88,100,122,143,152,164,171,181,201,208,224,242,250,261,262,279,292,300,301,312,320,323,324,326,332,339,338,341,343,342,343,345
03452,Aurich (Landkreis),0,0,0,0,0,0,1,1,1,3,12,12,16,17,22,27,27,31,31,31,34,41,48,48,49,49,54,58,64,69,71,71,72,72,74,78,78,79,79,79,79,80,80,80,80,80,82,84,86,89,90
07332,Bad Dürkheim (Landkreis),1,1,1,3,3,3,4,4,6,7,13,15,18,19,35,48,56,72,83,99,110,111,117,136,146,160,162,170,179,189,200,207,220,222,230,234,244,254,254,268,271,273,275,279,288,288,301,304,305,307,309
09672,Bad Kissingen (Landkreis),0,1,1,1,1,1,1,3,3,3,3,3,7,7,9,10,14,17,27,27,32,35,37,54,63,70,73,82,102,118,125,127,132,133,140,155,161,164,170,180,181,189,205,213,219,222,226,228,230,231,237
07133,Bad Kreuznach (Landkreis),0,0,0,0,0,0,0,1,1,1,13,13,23,23,25,30,42,44,46,53,57,64,72,77,90,92,98,108,114,123,127,137,137,137,140,144,147,147,147,147,147,151,154,161,164,170,171,172,177,181,183
09173,Bad Tölz-Wolfratshausen (Landkreis),0,0,0,0,0,0,0,1,2,5,6,10,10,11,11,21,31,38,49,63,74,75,120,126,135,142,160,177,183,228,237,261,266,272,288,308,320,332,341,347,352,352,351,367,370,372,381,383,383,389,394
08211,Baden-Baden (Stadtkreis),0,0,0,1,1,1,1,2,3,3,4,5,7,12,14,19,21,23,27,33,36,36,39,47,64,69,73,84,91,96,101,110,110,113,114,125,133,137,141,142,147,148,149,156,162,162,163,164,166,167,174
09461,Bamberg (Kreisfreie Stadt),0,0,0,0,0,0,0,0,0,0,3,4,4,9,11,21,25,26,30,30,34,39,55,65,67,67,70,80,83,90,93,93,102,118,122,127,133,136,130,131,141,141,157,157,153,155,157,171,173,174,177
09471,Bamberg (Landkreis),0,0,0,0,0,0,0,0,1,4,7,9,9,10,16,41,41,41,48,53,75,107,138,151,161,161,174,182,205,229,237,248,280,280,304,314,324,327,332,335,339,339,347,347,356,362,366,366,369,371,374
12060,Barnim (Landkreis),0,0,0,0,0,0,0,2,2,4,8,10,11,11,20,21,29,37,38,40,46,50,56,61,65,68,71,74,81,87,94,102,109,120,123,126,179,192,203,206,230,232,237,251,259,271,291,300,302,325,337
14625,Bautzen (Landkreis),0,0,0,1,4,4,4,7,12,12,14,19,19,24,36,48,55,56,86,88,101,112,114,141,156,168,171,180,189,193,202,206,207,215,222,231,242,269,284,289,294,297,304,308,318,322,326,326,329,340,341
09462,Bayreuth (Kreisfreie Stadt),0,0,0,0,0,0,0,0,0,0,1,1,1,1,3,7,7,7,7,7,9,19,53,56,56,56,51,55,62,88,105,105,105,95,104,113,130,142,142,142,154,162,167,167,186,186,177,177,178,183,183
09472,Bayreuth (Landkreis),2,2,2,2,2,2,4,4,4,5,6,6,6,6,9,13,21,23,26,38,56,60,85,101,101,112,129,136,142,167,190,190,190,212,232,253,248,282,282,282,302,315,328,343,358,365,372,375,379,387,393
09172,Berchtesgadener Land (Landkreis),0,0,0,0,0,0,0,0,0,4,4,4,9,9,13,19,25,28,31,39,41,48,60,64,68,76,80,96,108,130,140,155,165,169,186,214,216,219,221,222,224,226,227,233,249,250,255,257,263,266,267
06431,Bergstraße (Landkreis),1,1,1,1,1,2,3,3,6,13,15,19,21,25,31,37,47,68,73,84,96,104,123,141,156,168,170,180,192,203,208,221,228,232,241,252,256,261,265,267,268,272,278,284,286,288,288,290,291,295,297
11000,Berlin (Kreisfreie Stadt),9,15,19,28,40,48,58,90,137,174,263,283,332,383,519,688,868,1025,1071,1219,1425,1645,1937,2152,2337,2462,2581,2777,2993,3223,3486,3626,3687,3862,4038,4212,4357,4446,4553,4583,4667,4736,4870,4971,5091,5187,5225,5265,5341,5355,5476
07231,Bernkastel-Wittlich (Landkreis),0,0,0,0,0,0,0,1,3,3,4,4,6,7,9,16,18,21,23,24,31,32,38,45,49,56,62,67,67,74,78,80,85,87,94,98,107,110,111,111,114,115,116,118,121,121,121,122,122,123,126
08426,Biberach (Landkreis),0,0,1,3,3,3,3,3,4,11,12,12,12,38,45,55,55,55,73,74,111,154,187,200,212,225,226,243,260,285,307,323,338,342,361,375,393,402,407,408,423,423,426,441,448,455,458,460,470,479,485
05711,Bielefeld (Kreisfreie Stadt),0,0,0,0,0,0,2,5,15,19,25,27,28,43,49,57,72,81,93,98,104,120,132,142,146,146,164,169,177,188,200,209,222,224,233,257,269,280,290,291,294,294,300,336,343,345,349,338,338,340,349
07134,Birkenfeld (Landkreis),0,0,0,0,0,0,0,0,0,0,0,0,0,2,2,5,5,15,17,17,19,20,25,31,33,34,34,36,38,45,49,51,53,53,57,57,65,69,69,71,73,73,73,75,76,77,79,79,80,81,83
08115,Böblingen (Landkreis),1,1,3,3,3,3,4,4,4,7,9,9,9,66,66,105,125,182,239,255,318,351,398,450,473,473,596,613,664,695,798,821,1001,1028,1013,1042,1094,1100,1168,1168,1168,1251,1256,1275,1292,1292,1292,1315,1323,1323,1342
05911,Bochum (Kreisfreie Stadt),1,1,2,3,3,4,5,5,8,20,24,24,26,26,39,61,81,120,141,143,158,167,180,194,219,245,262,279,285,301,315,315,319,335,342,348,365,373,373,381,383,385,394,397,400,402,402,408,412,420,423
08435,Bodenseekreis (Landkreis),1,3,4,4,4,4,5,8,12,18,31,33,35,48,66,75,75,89,89,100,131,170,172,186,192,196,196,210,218,225,231,236,238,238,246,257,258,265,265,265,265,265,268,275,276,276,276,277,277,279,279
05314,Bonn (Kreisfreie Stadt),1,1,1,1,1,6,7,13,17,23,28,37,55,64,69,75,103,120,133,157,166,180,218,222,241,259,268,289,305,316,353,370,395,412,421,437,447,474,484,504,518,530,539,550,552,561,570,573,579,583,596
15083,Börde (Landkreis),0,0,0,0,0,0,2,2,2,3,4,11,13,16,22,25,29,30,36,40,41,44,44,50,50,53,56,56,60,61,64,66,68,69,74,78,79,84,87,89,91,94,96,97,102,104,106,104,106,118,120
05554,Borken (Kreis),0,1,5,5,5,5,6,7,14,27,45,82,95,123,164,209,252,274,282,296,308,336,368,399,424,438,448,480,525,566,609,650,664,681,699,722,753,765,770,783,790,793,804,822,832,839,841,841,846,855,863
05512,Bottrop (Kreisfreie Stadt),0,0,0,0,0,1,1,1,3,3,3,4,4,9,10,12,13,16,17,17,18,22,22,27,37,38,40,44,45,51,55,55,60,66,66,71,82,85,85,87,88,92,99,101,105,108,112,112,121,121,124
12051,Brandenburg an der Havel (Kreisfreie Stadt),0,0,0,0,0,0,0,0,0,0,0,0,1,1,2,4,7,8,8,10,12,12,13,14,15,16,17,21,24,27,29,31,33,33,37,39,41,44,45,47,46,46,49,49,49,49,49,49,51,52,53
03101,Braunschweig (Kreisfreie Stadt),0,1,1,1,1,1,1,1,2,2,5,5,8,12,13,18,25,29,56,58,63,73,80,94,109,138,144,148,169,189,209,216,225,231,232,241,247,269,271,271,273,275,279,284,287,289,291,291,292,292,294
08315,Breisgau-Hochschwarzwald (Landkreis),4,4,4,5,5,6,6,11,19,36,40,46,50,64,89,126,145,173,173,199,199,235,266,280,378,389,415,453,507,566,614,664,706,708,708,779,774,840,858,879,882,891,905,911,951,987,1001,1002,1007,1028,1049
04011,Bremen (Kreisfreie Stadt),3,3,4,4,4,4,22,32,38,42,45,48,49,54,62,104,112,153,158,161,181,196,228,247,259,270,277,292,308,319,331,365,368,370,396,416,425,425,451,451,463,471,478,526,537,555,574,578,595,643,676
04012,Bremerhaven (Kreisfreie Stadt),0,0,0,0,0,0,0,0,4,6,8,8,8,12,13,14,14,14,14,14,14,16,16,16,19,20,20,23,22,22,23,23,25,25,26,26,26,26,26,26,26,26,26,27,27,27,27,29,30,30,32
15084,Burgenlandkreis (Landkreis),0,0,0,0,0,0,1,1,1,2,2,4,6,8,12,14,15,15,15,19,21,27,27,27,27,27,34,37,38,38,50,51,52,54,54,61,64,64,66,66,66,69,69,72,73,75,75,77,80,82,87
08235,Calw (Landkreis),0,0,1,1,1,3,6,7,12,15,34,43,43,58,77,92,113,132,150,159,183,211,231,265,284,304,315,340,355,386,417,432,444,449,464,471,497,497,539,539,544,551,570,575,618,627,633,636,646,659,677
03351,Celle (Landkreis),0,3,3,3,3,3,4,5,6,6,8,8,12,15,21,27,36,36,36,44,50,55,61,69,70,72,89,98,102,106,110,110,110,116,119,124,129,129,134,134,140,144,145,152,153,153,153,155,156,158,161
09372,Cham (Landkreis),0,0,0,2,5,8,8,11,17,19,20,21,21,23,29,31,40,47,68,73,75,95,103,120,141,141,165,185,192,236,243,261,267,292,307,321,340,340,343,343,343,351,359,359,361,366,376,376,376,377,381
14511,Chemnitz (Kreisfreie Stadt),0,0,0,0,0,0,3,3,3,3,10,12,12,16,18,27,35,42,51,55,59,61,71,74,87,96,104,114,117,133,134,143,147,148,151,156,166,167,171,171,178,182,185,186,189,190,192,192,192,193,194
03453,Cloppenburg (Landkreis),0,0,0,0,0,0,0,0,1,1,2,2,2,2,2,3,9,11,13,14,14,18,24,24,31,31,39,38,38,38,46,50,56,57,58,60,65,76,86,88,88,89,89,93,94,94,94,94,96,96,97
09463,Coburg (Kreisfreie Stadt),0,0,0,0,0,0,0,0,0,0,0,1,2,2,3,3,6,8,10,10,10,14,15,17,20,23,23,24,25,26,29,31,32,32,36,38,40,44,44,44,44,46,47,50,54,54,54,55,55,56,57
09473,Coburg (Landkreis),0,0,0,0,0,0,0,0,1,1,3,3,6,6,10,13,19,22,22,23,27,33,36,38,46,50,51,54,62,67,73,79,84,85,88,103,110,119,128,128,128,141,146,147,150,150,153,153,157,158,168
07135,Cochem-Zell (Landkreis),0,0,0,0,0,0,0,0,0,5,5,6,19,25,35,38,43,45,45,59,62,73,80,87,99,100,100,108,112,115,117,117,117,119,122,122,122,122,122,122,122,122,123,123,125,125,125,125,127,127,127
05558,Coesfeld (Kreis),1,13,13,16,16,21,21,22,30,39,47,50,53,70,85,93,127,152,152,166,182,207,232,264,293,303,310,334,358,372,377,394,399,409,417,431,439,451,451,454,458,458,462,464,473,476,480,485,486,490,490
12052,Cottbus (Kreisfreie Stadt),0,0,0,0,0,0,3,3,3,8,13,15,16,17,20,20,20,22,24,27,28,28,29,29,30,31,31,31,32,34,34,34,34,34,34,34,35,35,35,39,39,39,39,39,39,39,39,39,39,39,39
03352,Cuxhaven (Landkreis),1,1,2,2,2,3,3,3,4,5,5,5,5,13,22,28,28,32,34,38,39,39,46,49,53,53,54,55,56,59,60,63,63,65,65,70,72,74,75,76,77,78,79,79,79,79,81,82,83,85,88
09174,Dachau (Landkreis),0,0,0,0,3,3,3,5,6,7,10,10,18,18,35,55,63,63,105,111,128,174,220,249,249,290,294,336,373,378,457,457,500,514,555,587,606,667,681,682,684,697,722,734,771,775,789,794,803,814,821
12061,Dahme-Spreewald (Landkreis),0,0,0,0,0,0,0,0,1,1,1,3,6,6,16,18,21,25,25,27,31,34,41,59,60,70,70,81,99,102,113,115,117,122,124,128,137,139,142,143,145,145,149,150,156,159,159,161,161,162,163
06411,Darmstadt (Kreisfreie Stadt),0,0,0,0,0,0,0,0,0,0,2,6,6,11,11,16,21,23,26,27,27,33,38,48,58,59,62,70,72,79,83,87,92,93,96,99,103,108,114,116,117,118,119,123,131,134,137,159,160,164,179
06432,Darmstadt-Dieburg (Landkreis),0,0,0,0,0,0,1,1,1,4,5,6,10,14,18,26,62,63,73,73,82,99,114,128,148,157,161,177,195,207,215,223,231,237,241,251,268,285,290,294,297,298,307,315,324,328,336,337,337,343,345
09271,Deggendorf (Landkreis),0,0,0,0,0,0,1,1,1,1,6,10,10,21,22,27,35,45,52,59,61,76,90,100,111,113,116,122,131,137,145,151,154,157,166,171,177,187,190,196,197,201,209,212,215,227,230,231,239,242,247
03401,Delmenhorst (Kreisfreie Stadt),0,1,1,1,1,1,1,1,1,5,5,5,5,5,5,8,8,8,8,8,12,13,16,17,17,17,20,22,24,24,25,26,26,26,26,27,29,29,29,31,31,31,32,33,34,34,37,37,38,40,41
15001,Dessau-Roßlau (Kreisfreie Stadt),0,0,0,0,0,0,0,0,0,1,1,1,2,3,4,5,9,10,11,12,15,16,20,20,20,20,20,20,20,23,29,33,35,35,41,41,47,47,47,50,53,53,54,56,58,58,60,62,62,62,62
03251,Diepholz (Landkreis),0,0,0,0,0,0,0,0,3,11,21,21,25,35,37,47,63,75,75,90,100,102,111,117,126,126,138,154,166,184,204,211,221,222,233,247,255,255,264,264,274,279,287,291,295,299,299,310,316,317,323
09773,Dillingen a.d. Donau (Landkreis),0,0,0,0,0,0,0,0,0,0,0,0,0,0,1,1,6,8,8,17,17,17,26,29,33,38,48,52,52,62,78,80,90,90,90,96,99,109,109,137,159,162,166,174,196,196,196,200,201,210,222
09279,Dingolfing-Landau (Landkreis),0,0,0,0,1,1,1,3,5,7,8,13,13,14,17,18,22,31,35,40,41,53,61,75,77,89,94,96,98,98,112,126,126,138,141,144,152,152,152,153,157,166,167,169,173,173,175,179,180,183,183
01051,Dithmarschen (Kreis),0,1,1,1,1,1,1,1,1,1,1,6,6,6,10,11,11,12,12,15,15,16,19,20,24,24,28,27,28,33,35,37,37,42,46,49,50,51,51,52,53,54,54,54,54,54,54,54,54,54,54
09779,Donau-Ries (Landkreis),0,0,0,2,2,3,3,3,6,6,6,6,10,10,10,16,20,20,20,33,33,47,58,67,67,76,90,93,95,118,173,173,191,216,235,252,253,253,258,258,259,259,275,275,277,283,289,291,297,305,315
07333,Donnersbergkreis (Landkreis),0,0,0,0,0,0,0,0,1,2,2,2,7,11,12,13,24,28,29,31,35,47,50,52,53,58,58,62,64,67,68,70,71,73,75,78,83,87,94,96,97,98,98,101,105,108,108,108,111,112,112
05913,Dortmund (Kreisfreie Stadt),0,2,2,2,2,2,5,12,14,19,24,33,37,62,76,95,140,153,161,170,183,205,223,238,256,259,285,304,333,360,380,393,414,425,483,497,507,527,538,547,560,572,578,583,591,596,601,611,619,632,633
14612,Dresden (Kreisfreie Stadt),0,0,0,0,2,3,4,5,6,11,11,23,23,40,49,60,97,115,123,154,169,216,239,287,314,320,339,358,378,398,407,436,448,455,458,466,476,485,493,491,491,492,497,503,508,516,525,524,526,533,538
05112,Duisburg (Kreisfreie Stadt),3,3,3,3,3,3,3,7,9,10,14,24,30,46,52,75,81,89,133,142,160,174,215,245,266,276,286,317,338,354,379,379,394,440,450,502,525,525,549,549,590,605,621,636,656,656,662,683,707,722,740
05358,Düren (Kreis),2,4,4,4,4,5,6,7,15,16,23,24,46,54,74,74,111,127,142,150,152,168,190,209,232,243,248,269,282,285,307,341,347,352,366,387,413,437,447,454,462,466,479,499,508,514,521,522,528,533,538
05111,Düsseldorf (Kreisfreie Stadt),1,1,3,4,4,4,5,6,16,16,23,54,54,130,159,198,207,207,249,249,270,289,319,342,342,361,412,460,496,543,575,575,595,649,681,719,737,750,760,771,788,806,837,858,877,888,911,927,939,949,959
09175,Ebersberg (Landkreis),1,1,4,7,7,11,13,13,13,19,21,22,27,29,34,39,42,52,52,52,72,88,117,133,150,168,176,192,208,224,242,265,282,284,292,298,310,341,348,350,355,358,360,379,384,391,393,393,399,400,410
16061,Eichsfeld (Landkreis),0,0,0,0,0,0,0,0,0,0,1,2,3,3,3,4,7,8,16,18,23,31,39,41,45,51,51,52,60,62,66,69,73,73,77,82,84,85,94,94,94,98,102,103,108,111,112,112,112,112,117
09176,Eichstätt (Landkreis),0,0,0,0,0,0,0,0,0,1,2,2,2,3,6,6,13,24,24,30,32,38,47,53,53,73,81,93,97,100,112,122,120,134,141,152,160,169,184,188,190,194,194,198,212,222,232,227,231,237,242
07232,Eifelkreis Bitburg-Prüm (Landkreis),0,0,0,0,1,1,1,1,1,4,6,12,16,21,21,29,32,39,44,48,56,61,62,78,88,91,96,97,112,114,117,118,121,124,128,129,132,132,135,135,135,143,144,147,148,152,155,158,160,161,162
16056,Eisenach (Kreisfreie Stadt),0,0,0,0,0,0,0,0,1,1,1,1,1,1,1,1,1,1,1,1,1,1,3,3,4,4,4,4,6,6,8,8,8,9,9,11,11,11,11,12,12,12,13,13,13,14,15,15,17,17,18
12062,Elbe-Elster (Landkreis),0,0,0,0,0,0,3,3,3,5,5,6,6,6,6,7,8,8,8,8,16,16,17,27,27,27,33,38,39,44,53,53,53,61,65,66,67,68,68,68,69,69,69,71,71,71,71,72,73,73,73
03402,Emden (Kreisfreie Stadt),0,0,0,0,0,0,0,0,3,3,3,3,4,4,7,7,7,8,8,8,8,9,9,9,9,9,7,8,10,8,8,10,11,12,13,14,14,14,14,14,14,14,14,15,15,15,15,15,15,16,16
08316,Emmendingen (Landkreis),0,1,1,3,12,13,13,15,17,21,21,36,43,60,69,100,110,122,123,141,154,171,178,191,233,244,264,287,321,350,369,398,401,407,423,439,446,467,475,481,481,485,487,500,507,511,512,514,514,514,513
03454,Emsland (Landkreis),0,0,0,0,0,0,1,1,3,4,10,10,31,36,43,51,56,63,64,67,78,93,102,114,136,140,146,149,165,175,181,191,200,201,213,244,255,264,294,298,309,317,330,342,360,364,366,366,371,374,379
05954,Ennepe-Ruhr-Kreis (Kreis),0,0,0,0,0,0,1,1,3,13,16,17,21,32,38,45,52,61,75,83,92,97,108,119,151,170,191,202,218,226,245,254,260,279,285,295,308,309,321,326,326,333,341,347,354,356,357,363,364,366,369
08236,Enzkreis (Landkreis),0,0,0,1,1,1,1,2,5,5,9,9,9,11,12,21,30,33,34,41,46,55,58,58,77,110,115,125,142,151,168,198,202,163,209,234,242,260,293,303,315,317,332,358,372,382,397,413,417,457,473
09177,Erding (Landkreis),1,1,1,2,2,2,2,3,3,10,11,11,28,28,31,54,70,70,109,129,143,178,210,213,245,297,316,327,350,373,401,401,420,424,442,468,476,476,491,491,506,517,526,533,543,543,549,551,557,562,566
16051,Erfurt (Kreisfreie Stadt),0,0,0,1,1,1,1,2,2,3,3,10,16,16,16,18,27,27,28,44,53,57,62,72,72,74,77,82,87,89,92,94,95,97,103,107,107,110,110,112,113,114,117,120,121,121,122,122,125,129,131
09562,Erlangen (Kreisfreie Stadt),0,4,4,4,4,4,11,11,11,11,11,12,12,13,13,16,20,20,20,30,38,42,52,66,77,78,79,84,92,103,121,133,138,146,154,162,172,179,183,184,186,193,197,209,208,209,210,212,214,219,220
09572,Erlangen-Höchstadt (Landkreis),1,1,2,2,2,2,2,2,2,4,4,5,7,7,9,14,21,21,25,30,39,42,48,48,56,56,59,68,76,91,102,118,118,122,133,146,146,152,155,157,158,158,161,163,178,188,178,179,181,182,185
14521,Erzgebirgskreis (Landkreis),0,0,0,0,0,0,0,0,0,2,2,2,2,11,15,27,29,33,50,55,57,59,65,76,96,104,114,133,150,244,274,276,288,303,319,333,342,386,397,401,406,419,423,437,450,462,469,474,478,485,491
05113,Essen (Kreisfreie Stadt),2,5,5,5,5,5,6,9,12,20,51,54,85,113,129,154,164,197,218,228,239,274,288,298,360,382,399,414,424,429,440,489,512,515,532,554,578,593,606,613,617,623,629,650,657,676,680,684,688,698,712
08116,Esslingen (Landkreis),5,13,14,16,16,18,23,40,47,65,82,119,123,206,206,234,360,360,362,435,462,493,596,648,705,737,761,833,946,1012,1071,1117,1117,1168,1198,1256,1298,1299,1394,1450,1450,1475,1481,1509,1534,1562,1562,1583,1591,1642,1656
05366,Euskirchen (Kreis),0,0,1,1,1,2,2,2,4,6,12,12,13,13,28,37,51,51,51,53,64,68,92,92,101,124,129,134,145,164,209,213,213,219,228,241,254,254,254,271,279,285,289,299,306,306,309,315,318,328,330
01001,Flensburg (Kreisfreie Stadt),0,0,0,0,0,0,0,0,1,1,4,6,7,7,8,10,13,15,15,15,16,18,21,21,21,21,22,23,25,25,27,31,28,28,30,30,31,32,32,32,32,32,32,32,32,32,32,32,32,32,32
09474,Forchheim (Landkreis),0,0,0,0,0,0,0,0,1,4,4,4,4,8,8,14,18,19,19,25,40,45,59,73,73,78,86,86,98,122,134,134,148,149,156,158,163,164,173,173,174,178,190,192,193,198,196,196,196,197,197
07311,Frankenthal (Pfalz) (Kreisfreie Stadt),0,0,0,0,0,0,0,0,0,1,1,1,1,1,3,8,9,11,11,11,12,12,16,18,18,18,23,23,25,25,27,27,27,28,28,31,31,31,31,31,31,32,33,33,33,33,36,37,37,38,38
12053,Frankfurt (Oder) (Kreisfreie Stadt),0,0,0,0,0,1,1,1,1,1,1,1,2,2,2,3,3,5,5,5,5,6,6,6,6,6,6,6,7,10,12,13,14,14,22,22,22,22,22,22,22,22,22,22,22,23,23,23,23,23,23
06412,Frankfurt am Main (Kreisfreie Stadt),4,4,4,4,4,6,6,9,15,21,21,21,21,51,83,95,122,148,148,164,196,212,237,237,330,330,352,396,438,484,504,545,578,590,643,660,730,796,796,837,851,862,914,935,999,1022,1052,1079,1096,1107,1152
08311,Freiburg im Breisgau (Stadtkreis),6,8,8,8,8,12,12,15,18,34,38,53,53,64,86,121,158,195,195,226,230,248,285,333,386,402,426,457,502,562,608,657,684,690,704,757,795,812,835,849,857,862,868,877,889,908,915,921,928,934,937
09178,Freising (Landkreis),14,17,20,22,28,31,51,51,56,56,73,74,87,93,122,145,164,174,218,229,252,296,326,360,397,433,445,485,521,581,616,643,678,674,695,748,774,801,822,837,837,852,862,865,880,888,899,903,910,884,884
08237,Freudenstadt (Landkreis),0,0,0,0,0,0,1,1,2,2,3,10,10,12,14,14,16,33,65,65,72,75,116,125,149,161,177,186,196,218,222,253,276,288,298,344,390,404,422,444,444,444,447,467,478,480,505,513,518,524,531
09272,Freyung-Grafenau (Landkreis),0,0,0,0,0,0,0,0,0,0,0,4,5,7,8,8,8,10,10,20,20,37,37,39,62,79,92,98,102,108,111,113,113,113,115,127,127,133,132,137,144,145,145,155,161,161,162,163,165,166,168
03455,Friesland (Landkreis),0,0,0,0,0,0,2,2,2,2,2,2,3,3,3,3,3,5,6,6,7,7,8,9,10,10,10,12,15,18,20,20,20,22,23,24,24,24,25,25,28,28,28,28,30,30,30,31,31,31,31
06631,Fulda (Landkreis),0,0,0,0,0,2,2,5,5,16,16,29,43,43,43,71,73,77,91,91,103,110,115,123,134,143,148,155,163,190,196,209,217,217,234,240,247,256,262,263,264,278,282,282,285,287,290,291,290,293,294
09179,Fürstenfeldbruck (Landkreis),0,0,0,0,0,3,4,4,6,6,15,18,22,22,23,24,36,51,51,51,94,110,250,275,275,275,320,329,359,474,512,512,512,522,612,612,630,630,630,637,647,652,675,678,721,721,721,745,758,766,772
09563,Fürth (Kreisfreie Stadt),0,0,0,0,0,0,5,5,6,6,7,8,9,9,10,12,16,17,22,24,25,29,37,44,52,72,76,76,91,96,102,143,143,169,180,203,223,216,216,216,226,237,255,257,271,271,276,281,301,301,320
09573,Fürth (Landkreis),0,0,0,0,0,0,2,2,2,2,3,3,3,3,3,4,7,14,18,19,22,28,47,65,73,78,88,128,152,168,179,236,236,268,291,314,315,337,337,337,354,359,368,392,392,402,402,410,425,427,430
09180,Garmisch-Partenkirchen (Landkreis),0,0,0,0,1,1,1,2,2,2,3,3,3,14,20,20,38,42,42,43,46,70,79,89,89,113,115,126,133,137,145,179,182,183,196,197,211,218,218,218,218,218,242,249,260,260,267,272,276,277,290
05513,Gelsenkirchen (Kreisfreie Stadt),0,1,3,3,3,3,4,4,5,9,10,12,13,18,35,38,41,41,45,50,55,61,64,82,86,96,101,114,129,143,151,168,186,194,210,212,226,228,238,238,247,251,253,258,265,273,279,281,285,292,301
16052,Gera (Kreisfreie Stadt),0,0,0,0,0,0,0,1,1,1,1,1,1,1,4,5,5,5,5,7,7,7,8,14,18,19,19,22,25,34,35,36,36,37,39,40,46,48,51,53,55,62,76,79,82,89,89,92,106,115,122
07334,Germersheim (Landkreis),1,1,1,1,1,1,1,1,2,4,4,4,8,10,20,24,27,27,27,27,37,42,45,51,56,61,62,68,77,84,89,89,91,100,102,107,111,113,118,118,118,119,120,123,127,127,127,131,133,139,140
06531,Gießen (Landkreis),2,2,3,3,3,3,4,4,7,7,8,13,17,17,29,47,56,58,64,74,82,91,100,112,112,121,128,138,143,143,154,162,170,170,177,179,181,181,182,185,186,187,189,189,190,195,199,199,207,207,211
03151,Gifhorn (Landkreis),0,0,0,0,0,0,0,0,0,5,7,7,16,20,23,26,32,34,34,37,39,43,48,53,62,62,68,78,77,87,92,95,96,99,103,107,106,106,109,109,109,110,115,119,122,123,122,122,122,122,123
08117,Göppingen (Landkreis),2,2,2,3,3,3,4,4,21,32,32,57,61,64,81,101,110,110,185,193,204,237,264,298,331,365,388,401,450,485,503,520,541,544,551,578,600,629,638,639,655,662,668,691,698,705,715,716,717,720,729
14626,Görlitz (Landkreis),0,0,0,0,0,1,2,2,5,6,6,7,7,9,10,15,18,28,28,29,30,33,35,59,62,69,69,75,82,88,96,161,167,181,182,199,205,216,219,223,224,224,226,232,238,243,243,243,243,250,252
03153,Goslar (Landkreis),0,0,0,0,0,0,0,0,0,0,5,5,7,7,14,14,18,18,21,22,24,31,40,46,51,51,60,61,61,60,70,74,82,87,89,90,98,112,112,114,114,118,122,133,133,139,139,145,162,166,183
16067,Gotha (Landkreis),0,0,0,0,0,0,0,0,0,0,1,1,1,1,1,5,7,7,9,14,17,17,17,20,20,21,23,26,28,33,34,35,37,38,45,52,57,63,65,65,66,80,92,104,112,127,128,134,152,162,170
03159,Göttingen (Landkreis),0,0,0,0,0,0,0,0,0,3,4,4,14,19,32,45,51,61,70,75,83,94,115,127,142,158,200,208,234,270,286,312,340,351,370,399,433,470,488,520,551,555,578,607,664,690,702,702,723,736,740
03456,Grafschaft Bentheim (Landkreis),1,1,1,1,1,1,1,1,1,3,5,5,5,11,15,23,23,29,29,29,35,44,52,62,82,84,87,92,101,109,121,130,132,137,152,160,166,170,178,180,181,186,188,196,199,205,206,206,207,209,213
16076,Greiz (Landkreis),0,0,0,0,0,0,0,0,0,0,0,0,3,3,7,15,29,30,36,45,51,58,89,103,111,121,130,132,141,154,166,175,182,194,201,214,221,231,231,234,244,252,252,282,285,292,311,317,337,346,366
06433,Groß-Gerau (Landkreis),1,1,1,1,1,1,1,2,2,3,8,10,10,12,21,25,48,57,85,87,103,120,135,137,151,183,191,191,209,223,235,236,245,251,262,270,271,283,301,305,305,305,319,332,352,356,358,359,373,375,388
09774,Günzburg (Landkreis),0,0,0,0,0,0,0,0,0,0,3,3,3,3,3,11,11,14,25,26,30,37,54,77,77,90,101,104,117,125,130,138,140,149,149,161,169,169,170,172,174,183,192,203,204,204,207,208,210,211,212
05754,Gütersloh (Kreis),0,1,1,1,1,1,5,5,15,27,45,45,80,91,134,157,179,202,219,224,254,277,315,335,356,362,373,387,401,432,446,470,481,487,504,522,531,537,544,545,551,551,555,563,570,576,581,582,582,590,591
05914,Hagen (Kreisfreie Stadt),0,0,0,0,0,1,3,3,3,3,3,6,6,8,21,28,28,31,42,43,49,52,56,56,62,62,81,80,82,92,96,101,114,119,122,125,135,141,149,162,169,172,173,183,189,193,199,201,204,207,227
15002,Halle (Saale) (Kreisfreie Stadt),0,0,0,0,0,1,2,5,9,9,12,12,19,27,38,50,57,68,78,80,85,91,104,113,137,153,169,175,185,195,210,217,214,217,223,238,244,245,255,258,260,263,267,274,275,277,288,289,290,293,305
02000,Hamburg (Kreisfreie Stadt),5,6,11,13,17,22,35,54,88,123,158,196,260,312,414,506,664,768,887,1043,1237,1450,1614,1759,1935,2078,2214,2290,2437,2557,2739,2882,3019,3088,3217,3370,3518,3642,3739,3817,3887,3925,3978,4064,4195,4297,4347,4368,4401,4449,4511
03252,Hameln-Pyrmont (Landkreis),0,0,0,0,0,0,0,1,1,2,3,3,7,9,13,19,23,26,27,28,28,32,38,44,60,70,70,73,79,82,83,89,89,89,92,94,97,99,100,100,102,103,108,109,112,114,116,116,120,122,122
05915,Hamm (Kreisfreie Stadt),0,0,0,0,0,0,0,0,2,2,7,8,8,19,27,52,60,74,85,90,93,109,114,117,142,146,157,170,175,217,220,243,251,264,274,284,302,302,312,312,323,339,354,364,370,370,392,399,404,414,425
03353,Harburg (Landkreis),0,0,0,0,0,3,3,3,5,11,11,11,11,18,39,48,62,74,87,87,95,114,126,134,149,154,156,168,208,228,265,266,275,291,298,316,330,344,355,372,374,386,392,402,415,431,438,438,444,460,467
15085,Harz (Landkreis),0,0,0,0,0,0,0,1,1,2,4,4,6,7,7,11,12,14,14,23,24,29,38,49,52,58,67,68,69,73,79,80,84,92,108,114,124,131,131,139,142,145,153,162,182,211,219,222,222,226,229
09674,Haßberge (Landkreis),0,0,0,0,0,0,0,0,0,4,6,6,8,8,9,9,14,15,17,20,24,30,34,36,42,47,50,62,70,78,80,80,87,90,92,98,100,100,101,107,107,110,113,117,121,123,136,136,136,140,143
12063,Havelland (Landkreis),0,0,1,1,1,2,2,2,3,3,3,3,4,6,8,8,10,10,18,21,21,26,29,38,42,46,48,51,64,72,79,81,92,103,104,112,119,124,127,129,129,132,133,136,137,140,142,142,143,145,150
03358,Heidekreis (Landkreis),0,0,0,0,0,0,0,0,0,1,1,1,1,1,2,4,4,5,6,7,10,10,15,21,21,25,25,28,30,33,36,41,41,44,44,48,52,52,52,52,52,56,57,59,61,62,62,62,63,64,65
08221,Heidelberg (Stadtkreis),2,2,2,5,5,5,5,5,9,13,21,22,34,41,47,57,66,80,104,108,111,118,122,133,143,155,171,186,195,213,226,232,234,243,273,254,257,264,267,267,271,273,273,275,277,280,280,281,281,281,283
08135,Heidenheim (Landkreis),1,1,1,3,3,3,3,3,8,14,19,21,21,31,37,40,50,59,62,62,79,129,163,169,172,178,178,218,227,254,263,280,287,291,309,317,321,331,360,360,360,368,379,387,407,395,398,403,405,409,411
08125,Heilbronn (Landkreis),10,10,14,20,20,26,26,30,32,38,38,47,50,57,113,113,135,140,187,197,212,236,279,331,342,365,390,427,435,484,485,521,521,541,555,579,604,639,652,656,663,665,683,691,724,738,768,783,785,800,829
08121,Heilbronn (Stadtkreis),2,2,3,3,3,3,3,3,3,3,4,4,4,9,13,19,20,20,28,55,60,71,81,104,122,124,147,168,168,220,220,265,274,274,277,285,317,331,331,338,344,344,351,361,361,363,381,386,386,386,389
05370,Heinsberg (Kreis),114,197,214,283,300,323,365,403,483,558,589,663,690,755,811,890,916,916,964,1011,1043,1067,1153,1153,1202,1246,1281,1307,1373,1417,1436,1436,1461,1474,1495,1527,1537,1537,1573,1573,1577,1580,1610,1620,1635,1635,1684,1698,1707,1711,1718
03154,Helmstedt (Landkreis),0,0,0,0,0,0,0,0,0,2,2,2,2,2,5,9,9,16,18,18,24,26,39,45,45,53,60,65,69,76,78,82,82,84,84,91,105,130,130,141,141,141,152,153,157,157,157,127,127,128,128
05758,Herford (Kreis),0,0,2,2,2,2,2,4,5,19,22,26,26,36,52,72,84,95,97,99,104,117,122,133,138,144,148,152,176,194,213,232,232,241,251,258,267,267,282,282,287,290,293,296,299,300,303,304,292,300,308
05916,Herne (Kreisfreie Stadt),0,0,0,0,0,0,2,2,4,4,5,8,8,8,13,13,16,23,23,27,27,41,42,45,51,55,57,58,64,66,68,68,69,72,78,86,90,93,97,100,102,102,106,120,119,122,126,130,130,134,138
06632,Hersfeld-Rotenburg (Landkreis),0,0,0,0,0,0,0,0,6,6,6,12,12,15,17,20,29,30,31,33,33,36,39,44,53,54,58,64,76,99,120,124,127,136,140,142,151,158,162,166,177,180,182,184,188,191,192,194,195,195,195
01053,Herzogtum Lauenburg (Kreis),1,1,1,1,2,2,2,3,3,5,5,12,12,13,19,21,24,24,36,39,51,52,56,71,80,80,80,92,112,115,135,147,155,155,162,178,178,183,183,198,198,204,205,222,222,225,235,235,236,237,249
16069,Hildburghausen (Landkreis),0,0,0,0,0,0,0,0,0,0,0,0,0,0,0,0,0,1,1,1,2,3,6,6,7,7,9,10,10,10,11,11,11,11,11,11,13,14,14,15,15,15,15,16,16,18,18,18,18,18,19
03254,Hildesheim (Landkreis),0,0,0,2,2,2,3,3,3,3,14,31,31,44,66,84,89,97,97,100,114,123,144,152,152,152,153,161,172,180,189,197,197,197,204,211,215,224,226,227,227,230,237,251,259,262,269,273,277,285,290
05958,Hochsauerlandkreis (Kreis),0,0,0,0,0,0,1,1,13,25,25,31,49,80,82,82,85,116,131,149,160,166,173,203,229,241,255,284,312,328,364,379,396,403,414,421,478,481,488,498,510,513,520,526,536,540,547,547,548,550,555
06434,Hochtaunuskreis (Landkreis),1,1,2,2,2,2,3,3,4,5,7,9,18,20,28,40,52,52,67,72,76,88,108,111,129,131,139,146,161,163,172,177,177,184,190,200,206,208,211,211,211,212,214,217,218,221,222,222,224,228,230
09464,Hof (Kreisfreie Stadt),0,0,0,0,0,0,0,0,1,1,1,2,4,4,5,9,9,10,11,11,11,15,19,23,24,26,33,39,43,48,48,51,60,60,64,65,66,71,76,78,84,85,86,89,90,92,92,94,94,94,94
09475,Hof (Landkreis),0,0,0,1,1,1,1,1,1,1,2,5,6,7,7,13,17,40,46,51,66,70,75,85,118,118,120,159,169,182,197,210,210,202,221,242,248,253,256,262,280,283,285,300,305,317,317,331,336,336,336
08126,Hohenlohekreis (Landkreis),0,1,1,1,1,2,2,6,9,25,29,54,54,151,167,178,182,222,222,257,278,278,302,350,404,421,453,453,478,508,537,549,557,583,594,600,629,644,651,661,661,670,677,684,695,700,700,701,709,717,731
03255,Holzminden (Landkreis),0,0,0,0,0,0,0,0,1,1,1,1,9,13,14,19,23,27,27,29,30,36,39,44,47,47,55,62,62,70,73,76,79,79,79,85,91,92,95,95,95,95,95,98,99,99,99,100,100,103,103
05762,Höxter (Kreis),0,0,0,0,0,0,0,0,0,0,2,2,2,4,7,12,16,20,21,21,22,29,34,49,55,63,66,71,72,78,99,122,148,152,154,157,167,180,189,211,223,225,233,235,243,250,257,255,256,265,266
16070,Ilm-Kreis (Landkreis),0,0,0,0,0,0,0,1,1,1,1,1,1,2,3,4,5,7,11,13,20,24,30,43,51,55,58,61,65,72,79,80,93,95,97,98,101,102,102,102,102,103,103,104,107,110,112,112,116,120,120
09161,Ingolstadt (Kreisfreie Stadt),0,0,0,1,1,1,1,1,1,1,1,3,3,3,3,4,4,5,5,12,14,27,29,46,76,79,80,96,108,114,163,188,205,215,250,272,278,292,305,322,327,332,338,351,369,372,372,384,388,391,393
16053,Jena (Kreisfreie Stadt),0,0,0,0,0,0,0,0,0,2,8,9,12,20,30,45,55,55,77,90,93,94,102,110,114,116,117,122,126,135,136,139,142,145,147,148,155,155,155,155,155,155,155,155,155,155,155,155,155,155,156
15086,Jerichower Land (Landkreis),0,0,0,0,0,0,0,0,0,1,1,1,1,1,3,3,6,6,6,7,10,13,16,16,16,16,18,20,20,20,22,22,25,26,27,28,28,28,28,28,28,28,29,30,31,31,31,31,32,32,32
07312,Kaiserslautern (Kreisfreie Stadt),3,3,4,4,4,4,4,4,5,6,9,9,9,9,11,13,13,19,24,30,36,46,48,53,53,54,56,59,63,69,70,71,71,72,78,78,79,80,82,82,82,85,89,92,94,94,94,99,102,103,103
07335,Kaiserslautern (Landkreis),0,0,0,0,0,2,3,3,3,3,5,5,11,13,13,13,20,28,36,41,48,52,54,59,61,61,69,74,78,80,80,82,82,80,87,87,87,90,91,91,92,92,97,98,99,99,99,99,99,100,100
08215,Karlsruhe (Landkreis),0,1,2,4,4,5,9,13,16,16,29,29,43,56,77,99,151,171,186,188,203,227,252,282,308,353,365,373,410,452,484,621,640,657,669,686,704,762,811,812,812,819,822,839,865,890,905,905,909,918,928
08212,Karlsruhe (Stadtkreis),1,1,1,3,3,3,3,3,8,8,14,14,25,31,43,55,57,60,71,80,94,106,111,131,144,152,161,163,178,197,206,228,238,245,256,270,279,291,306,311,311,322,324,328,326,330,335,335,339,341,352
06611,Kassel (Kreisfreie Stadt),0,0,0,0,0,0,0,0,3,9,10,10,10,15,26,34,38,43,43,43,46,53,62,67,75,81,84,84,89,93,98,101,103,103,109,117,128,137,144,147,150,153,158,166,180,187,194,194,196,203,207
06633,Kassel (Landkreis),0,0,0,0,0,1,1,2,3,5,11,12,12,18,27,32,38,39,44,44,46,51,61,74,77,81,82,87,95,100,106,112,114,118,120,142,153,170,186,197,215,219,223,228,235,242,257,260,263,270,284
09762,Kaufbeuren (Kreisfreie Stadt),0,0,0,0,0,0,0,0,0,1,1,2,5,5,5,5,7,7,7,7,8,11,15,16,18,30,31,32,32,41,45,52,56,61,60,66,69,72,72,77,77,80,80,84,90,93,93,96,96,96,98
09273,Kelheim (Landkreis),0,0,0,0,1,2,2,3,3,3,3,6,6,6,14,22,26,36,42,50,56,62,76,89,101,126,127,132,154,193,218,238,258,266,278,283,317,330,340,351,355,359,364,378,387,392,396,404,404,408,416
09763,Kempten (Allgäu) (Kreisfreie Stadt),0,0,0,0,0,0,0,0,0,0,0,4,4,4,4,4,4,4,4,4,24,28,30,34,38,39,40,42,43,44,49,53,53,58,60,65,67,81,84,88,90,91,92,95,96,98,98,99,101,101,102
01002,Kiel (Kreisfreie Stadt),0,0,0,0,0,0,0,6,7,11,12,13,17,18,25,34,36,37,41,51,51,63,66,74,74,100,114,121,124,136,146,157,160,164,169,170,175,187,192,195,195,198,199,217,217,218,221,221,235,240,245
09675,Kitzingen (Landkreis),0,0,0,0,0,0,0,1,1,1,4,5,5,5,9,10,11,11,13,13,14,18,18,23,29,29,29,29,34,40,46,56,60,61,68,72,75,79,82,83,82,82,83,87,90,91,98,101,101,125,126
05154,Kleve (Kreis),0,0,0,0,0,0,0,2,7,10,10,36,42,70,74,83,111,111,121,131,142,162,179,211,211,236,237,247,260,278,288,303,304,304,317,333,343,401,421,422,425,434,438,447,469,475,479,482,491,500,511
07111,Koblenz (Kreisfreie Stadt),0,0,0,1,3,5,5,5,6,8,8,8,21,27,36,42,51,60,67,75,95,109,122,127,138,141,141,148,155,157,164,167,167,177,190,201,205,210,214,215,217,218,224,229,230,235,238,240,243,246,246
05315,Köln (Kreisfreie Stadt),12,15,18,29,29,33,33,43,65,123,180,244,301,384,478,586,679,773,817,857,921,1002,1075,1161,1249,1319,1369,1431,1540,1666,1715,1748,1768,1792,1839,1865,1947,1993,2016,2027,2054,2067,2095,2119,2143,2162,2171,2177,2184,2207,2225
08335,Konstanz (Landkreis),0,0,0,1,1,1,1,2,10,23,28,28,36,45,45,62,69,84,84,91,95,110,118,136,145,145,185,203,234,247,262,267,267,307,327,336,360,360,386,386,394,400,405,410,424,424,424,436,437,447,452
05114,Krefeld (Kreisfreie Stadt),0,0,0,0,0,0,0,0,10,10,21,35,36,43,54,62,73,84,92,92,97,117,138,147,185,210,208,211,225,240,251,264,264,269,272,292,305,315,321,323,326,326,335,360,373,392,400,402,412,426,436
09476,Kronach (Landkreis),0,0,0,0,0,0,0,0,0,0,2,2,3,3,4,4,4,12,13,16,26,27,34,46,46,52,52,54,54,62,65,70,73,73,73,81,87,92,92,95,96,96,98,105,107,116,116,118,119,126,129
09477,Kulmbach (Landkreis),0,0,0,0,0,0,0,0,0,0,1,1,1,1,12,12,12,21,21,33,33,42,52,69,69,74,74,80,93,95,102,102,106,117,124,130,138,138,138,149,149,161,166,168,175,175,175,179,179,179,188
07336,Kusel (Landkreis),0,0,0,0,0,0,0,0,0,1,13,13,14,14,18,18,18,19,21,23,25,30,31,35,35,45,45,46,52,54,60,60,64,64,68,69,71,76,76,76,81,81,82,84,84,84,84,84,84,85,85
16065,Kyffhäuserkreis (Landkreis),0,0,0,0,0,2,2,2,5,6,6,6,8,8,8,8,10,12,12,12,12,15,17,19,19,19,19,19,23,23,25,27,27,27,28,28,36,36,36,35,35,35,35,35,35,35,35,35,36,36,37
06532,Lahn-Dill-Kreis (Landkreis),2,2,2,2,2,4,4,4,5,5,9,10,18,21,21,23,66,87,87,87,87,96,110,138,138,152,176,181,200,219,227,227,227,266,264,273,285,296,311,311,308,310,311,315,318,320,322,324,324,325,326
07313,Landau in der Pfalz (Kreisfreie Stadt),0,0,0,0,0,0,0,0,0,0,0,0,1,2,2,4,4,6,8,8,18,18,19,29,32,35,35,38,43,46,47,48,48,51,51,55,61,62,62,62,65,65,65,67,67,69,69,64,69,70,71
09181,Landsberg am Lech (Landkreis),0,0,0,0,0,2,2,2,3,3,3,4,5,10,14,14,18,24,44,48,51,55,98,109,110,124,136,138,156,163,175,206,217,223,236,254,271,277,277,286,286,290,290,296,300,301,303,303,306,307,323
09261,Landshut (Kreisfreie Stadt),0,0,0,0,0,0,0,0,0,1,1,4,4,4,4,12,24,24,32,38,38,42,71,81,81,91,93,118,131,136,147,153,163,160,161,184,201,207,207,220,220,223,226,238,240,244,244,249,249,250,250
09274,Landshut (Landkreis),0,0,0,0,0,0,1,1,1,2,12,25,25,25,29,36,73,73,118,121,121,174,200,200,206,240,255,276,317,345,362,368,403,413,421,457,481,508,508,532,533,537,547,565,575,593,599,606,610,607,608
03457,Leer (Landkreis),1,1,1,1,1,1,1,1,1,1,1,3,3,7,10,12,12,13,14,14,17,20,25,28,33,34,38,41,44,49,53,54,59,62,62,63,66,66,67,69,70,72,77,80,80,85,86,86,89,90,90
14713,Leipzig (Kreisfreie Stadt),0,0,1,1,2,2,4,4,6,16,19,31,41,71,72,94,119,129,144,161,181,204,218,242,270,316,319,323,332,361,378,403,421,420,435,446,451,458,469,476,481,481,485,489,503,513,518,517,528,522,536
14729,Leipzig (Landkreis),0,0,0,1,1,4,4,4,8,11,11,17,17,17,25,28,33,39,39,45,50,59,68,72,77,91,94,99,110,117,123,130,134,137,140,144,148,169,173,175,175,175,177,177,179,179,179,180,180,183,184
05316,Leverkusen (Kreisfreie Stadt),0,0,0,0,0,0,0,2,3,5,5,5,20,21,31,31,40,45,48,48,58,65,74,82,88,102,102,113,127,131,141,146,149,149,155,158,160,161,161,167,167,168,170,171,174,184,184,184,185,185,186
09478,Lichtenfels (Landkreis),0,0,0,0,0,0,0,0,0,0,1,1,1,3,5,5,7,7,20,21,25,27,46,54,57,74,79,81,88,105,112,115,125,133,137,142,145,145,146,157,157,160,162,164,166,171,174,184,187,188,189
06533,Limburg-Weilburg (Landkreis),0,0,0,0,0,0,0,0,0,0,1,1,4,8,12,36,45,57,58,68,99,111,115,137,147,149,149,160,174,179,191,194,198,201,201,203,205,212,215,216,216,220,222,225,230,233,235,235,239,241,244
09776,Lindau (Bodensee) (Landkreis),2,2,2,4,4,5,5,6,6,8,12,12,19,19,21,23,35,51,51,51,53,67,80,93,100,102,120,128,131,142,167,176,188,190,194,201,207,218,220,223,225,228,226,233,235,235,235,235,236,236,237
05766,Lippe (Kreis),0,1,1,1,1,1,11,19,31,36,47,47,55,87,107,112,133,138,158,170,188,204,230,261,278,289,302,325,347,393,429,455,468,496,509,526,546,546,571,571,571,584,584,590,597,614,621,628,644,662,670
08336,Lörrach (Landkreis),1,1,1,1,1,1,1,1,5,10,13,15,19,27,49,63,81,95,99,117,137,153,163,170,207,215,230,274,317,339,360,389,396,406,413,428,445,464,476,482,484,484,500,511,523,538,548,553,560,579,591
01003,Lübeck (Kreisfreie Stadt),1,1,1,2,2,2,2,7,7,8,9,10,11,11,18,19,43,53,56,57,63,63,63,67,69,69,77,88,97,98,101,103,103,103,119,125,128,136,139,142,143,151,154,154,155,155,156,157,157,157,158
03354,Lüchow-Dannenberg (Landkreis),0,0,0,0,0,0,0,0,0,0,0,0,0,0,0,1,6,6,6,6,6,7,7,9,9,9,8,8,10,11,12,12,13,13,14,14,14,14,14,14,14,14,15,15,15,15,15,15,15,17,17
08118,Ludwigsburg (Landkreis),3,3,5,7,7,8,11,12,18,24,39,39,39,87,112,126,175,190,236,282,351,418,507,594,642,682,723,746,835,904,977,1056,1072,1088,1129,1179,1233,1262,1289,1307,1317,1332,1350,1385,1422,1464,1477,1482,1495,1523,1538
07314,Ludwigshafen am Rhein (Kreisfreie Stadt),0,0,0,0,0,0,0,0,1,1,1,1,3,9,10,12,13,17,17,20,25,35,48,52,54,54,82,86,91,97,117,117,126,139,149,149,154,154,157,164,164,216,225,233,239,239,249,252,254,257,261
13076,Ludwigslust-Parchim (Landkreis),0,0,0,0,0,0,0,0,0,0,1,1,2,2,3,13,18,18,19,24,27,27,28,31,37,37,39,44,45,45,47,54,54,54,57,57,57,58,58,58,58,59,61,64,64,65,65,65,65,65,65
03355,Lüneburg (Landkreis),0,0,0,0,0,0,0,0,1,1,3,3,6,26,42,45,53,54,61,61,65,69,71,75,82,82,82,97,100,108,113,119,120,122,125,132,134,140,144,145,148,154,157,162,166,168,168,168,168,164,164
15003,Magdeburg (Kreisfreie Stadt),0,0,0,0,0,0,1,3,6,7,11,11,16,20,27,29,39,39,39,50,56,57,65,71,71,71,79,84,87,87,88,89,88,89,90,91,91,92,93,94,95,96,97,97,97,100,101,101,102,102,102
06435,Main-Kinzig-Kreis (Landkreis),1,1,1,1,1,1,1,1,11,12,21,25,28,33,40,55,64,70,73,76,81,100,106,120,148,151,162,183,203,227,240,255,257,265,283,301,315,336,365,371,375,387,401,428,439,469,478,478,501,529,537
09677,Main-Spessart (Landkreis),0,0,0,0,0,1,1,1,1,1,5,5,5,8,8,9,11,12,14,15,21,32,38,41,51,56,67,67,75,76,82,91,104,107,110,117,118,114,130,134,137,140,133,133,138,146,148,149,149,143,145
08128,Main-Tauber-Kreis (Landkreis),1,1,2,23,23,24,24,25,31,32,33,33,33,34,36,39,43,57,58,60,63,70,78,97,119,119,120,141,175,182,198,233,237,250,252,262,267,280,296,296,296,301,306,312,320,323,324,326,331,343,344
06436,Main-Taunus-Kreis (Landkreis),0,0,0,0,0,0,2,3,3,8,12,14,14,16,18,28,40,54,55,67,84,92,101,114,114,115,136,145,153,159,165,165,165,174,179,185,192,192,192,192,192,202,208,213,215,215,218,222,230,243,250
07315,Mainz (Kreisfreie Stadt),1,1,1,1,2,2,2,3,4,11,11,16,19,28,35,45,55,62,81,82,90,99,115,125,144,180,182,187,196,212,222,238,249,266,278,301,319,347,355,359,359,360,362,380,393,410,435,437,439,447,464
07339,Mainz-Bingen (Landkreis),0,1,1,1,1,1,2,3,3,10,18,18,18,20,24,30,37,47,54,57,65,76,84,91,103,113,115,117,150,175,191,206,211,223,227,242,253,277,286,286,287,290,293,316,326,332,337,339,340,350,362
08222,Mannheim (Stadtkreis),4,4,5,7,7,9,9,13,14,28,37,44,64,72,79,88,102,116,128,147,157,168,179,196,196,218,226,236,251,267,288,294,319,326,342,352,365,379,383,388,388,398,402,406,412,416,417,420,421,424,429
15087,Mansfeld-Südharz (Landkreis),0,0,0,0,0,0,0,1,1,1,1,1,1,2,3,4,5,8,10,14,14,16,16,16,16,16,19,20,25,26,29,29,30,30,30,30,33,33,34,35,35,35,35,35,35,35,35,35,36,36,36
06534,Marburg-Biedenkopf (Landkreis),0,0,0,0,0,0,3,3,7,7,10,23,28,34,35,43,44,56,56,65,75,78,94,110,110,117,119,128,131,133,141,141,141,151,154,163,168,168,168,168,173,177,180,181,185,185,186,186,187,189,190
05962,Märkischer Kreis (Kreis),1,3,5,5,5,6,6,7,10,13,13,18,18,27,29,31,33,38,38,44,47,51,70,81,89,100,118,127,146,165,174,175,175,231,241,264,290,290,335,335,367,381,388,421,431,431,474,488,463,477,487
12064,Märkisch-Oderland (Landkreis),0,0,0,0,0,0,2,2,3,5,5,13,13,13,26,29,40,41,41,47,47,62,69,70,71,76,80,86,94,94,102,108,112,114,117,120,125,131,132,134,144,145,145,153,153,153,156,156,158,160,166
07137,Mayen-Koblenz (Landkreis),0,2,2,2,2,2,4,4,4,7,11,13,46,62,90,102,108,120,126,151,159,165,176,178,190,196,201,212,224,234,245,249,250,259,276,283,286,292,302,308,309,310,313,314,320,323,324,325,325,327,327
13071,Mecklenburgische Seenplatte (Landkreis),1,1,1,2,4,4,5,6,6,7,7,7,9,13,19,20,23,26,28,30,36,40,41,46,56,58,60,71,79,83,90,93,94,94,97,99,100,102,102,102,102,105,107,107,107,107,107,108,108,108,108
14627,Meißen (Landkreis),0,0,0,0,0,0,0,3,3,5,9,9,9,11,12,17,18,21,25,26,34,38,42,52,60,68,69,77,87,96,106,115,121,122,130,138,145,158,167,171,174,175,175,178,188,189,193,193,196,204,207
09764,Memmingen (Kreisfreie Stadt),0,0,0,0,0,0,0,0,0,0,1,1,1,3,5,8,9,14,15,15,17,21,23,26,26,26,27,29,29,31,36,36,40,40,40,40,40,40,40,40,45,45,46,46,47,47,47,47,48,48,48
10042,Merzig-Wadern (Landkreis),0,0,0,0,0,1,1,3,4,4,4,6,8,10,11,14,15,19,20,24,25,30,37,37,45,52,55,64,66,74,84,84,121,127,137,150,157,163,165,168,169,170,175,175,179,181,182,183,183,187,188
05158,Mettmann (Kreis),1,1,2,2,2,2,8,11,16,19,31,31,44,62,87,101,154,179,197,202,232,248,271,284,305,320,322,413,451,484,519,542,585,615,657,713,753,805,826,843,859,874,889,913,937,964,974,973,767,771,775
09182,Miesbach (Landkreis),2,2,3,4,4,5,5,6,6,13,13,15,15,32,44,57,58,61,108,156,171,185,217,240,268,288,301,316,338,354,364,397,397,418,424,437,449,456,458,473,474,475,476,483,488,488,491,491,493,493,493
09676,Miltenberg (Landkreis),0,0,0,0,0,0,0,0,0,0,4,4,4,5,15,25,25,41,47,47,50,60,72,79,92,92,103,107,124,150,157,174,178,182,194,211,211,226,229,232,232,233,240,240,243,245,245,246,247,252,257
05770,Minden-Lübbecke (Kreis),0,0,1,1,1,1,5,9,14,18,47,55,73,87,98,118,140,153,153,166,184,207,223,241,246,256,268,294,340,364,385,397,397,410,430,443,463,463,477,477,482,488,376,382,386,392,393,396,397,398,401
14522,Mittelsachsen (Landkreis),0,0,0,0,0,0,0,0,0,0,3,3,3,6,13,17,24,24,24,35,44,51,61,68,83,85,96,102,109,127,141,159,161,164,171,182,202,206,217,220,222,222,230,232,237,238,241,241,241,241,241
05116,Mönchengladbach (Kreisfreie Stadt),3,3,5,7,7,7,8,8,17,28,35,36,37,44,46,51,72,100,104,109,119,124,135,151,168,174,178,182,217,235,250,265,294,296,304,321,331,344,364,367,374,378,380,389,403,417,426,427,429,433,447
09183,Mühldorf a. Inn (Landkreis),0,0,0,0,0,0,0,0,0,0,0,0,0,1,10,10,16,20,38,41,56,67,77,93,125,136,157,161,180,217,246,271,281,285,313,328,346,351,351,382,388,393,398,424,429,435,440,443,448,452,455
05117,Mülheim an der Ruhr (Kreisfreie Stadt),0,0,0,0,0,0,0,0,5,9,9,9,12,16,21,30,36,36,42,42,43,45,52,55,62,68,74,78,86,97,100,101,105,107,110,114,116,131,134,131,131,131,131,136,138,143,143,148,151,160,160
09162,München (Kreisfreie Stadt),15,16,26,26,57,61,62,65,98,149,201,242,260,359,509,676,878,1042,1042,1316,1381,1576,1687,1845,2080,2256,2501,2699,2926,3099,3304,3449,3642,3794,3884,4003,4123,4233,4352,4459,4615,4717,4820,4927,5014,5101,5159,5211,5263,5332,5411
09184,München (Landkreis),0,3,3,7,7,14,14,15,25,32,32,38,75,75,103,134,200,219,246,279,327,373,429,462,539,561,574,626,675,735,783,849,893,904,931,963,994,1029,1059,1072,1076,1082,1106,1122,1137,1160,1164,1170,1188,1202,1209
05515,Münster (Kreisfreie Stadt),2,4,4,4,4,5,6,8,20,29,43,57,90,103,135,173,219,243,266,279,305,352,371,414,443,443,468,487,503,522,537,552,559,586,595,598,606,606,609,609,616,621,622,625,631,633,609,611,612,615,619
08225,Neckar-Odenwald-Kreis (Landkreis),0,0,1,1,1,1,2,2,3,7,7,10,10,13,19,24,30,35,39,39,45,50,63,72,80,88,91,101,111,120,134,146,148,149,158,172,179,185,195,198,204,210,256,263,276,282,288,297,303,312,329
09185,Neuburg-Schrobenhausen (Landkreis),0,0,0,0,0,0,0,0,0,0,0,3,3,3,9,9,22,28,28,32,40,44,56,59,62,69,77,89,100,107,116,121,121,128,133,154,160,165,190,188,190,195,196,214,214,214,219,221,242,244,247
09373,Neumarkt i.d. OPf. (Landkreis),0,0,0,0,0,0,2,2,2,2,5,5,5,11,17,18,18,18,18,18,35,43,43,43,69,80,87,110,118,123,131,138,146,146,160,170,185,185,185,185,204,239,258,264,270,270,286,293,296,321,324
01004,Neumünster (Kreisfreie Stadt),0,0,0,0,0,0,0,0,0,0,0,0,1,1,3,3,7,7,7,10,11,12,13,15,15,15,19,24,25,29,30,30,31,34,34,36,40,42,42,42,42,42,43,46,46,49,50,50,60,60,62
10043,Neunkirchen (Landkreis),0,0,0,0,0,1,1,2,3,4,4,9,13,13,22,26,34,34,34,47,47,49,64,78,81,98,106,114,126,135,144,151,154,159,165,169,183,186,186,190,199,202,209,213,216,220,220,220,221,225,226
09575,Neustadt a.d. Aisch-Bad Windsheim (Landkreis),0,3,3,3,3,3,4,4,4,4,4,4,4,4,6,6,7,10,10,20,22,25,40,42,43,50,62,62,69,84,84,84,94,118,123,132,132,132,132,132,143,154,154,164,176,176,181,206,208,213,217
09374,Neustadt a.d. Waldnaab (Landkreis),0,0,0,0,0,0,0,1,1,1,1,1,1,1,2,2,3,16,27,30,33,62,72,99,148,152,184,212,242,290,343,373,406,419,424,472,506,544,550,561,572,578,587,612,628,648,671,677,676,697,710
07316,Neustadt an der Weinstraße (Kreisfreie Stadt),0,0,0,0,0,1,1,1,1,1,4,4,5,5,7,8,8,10,10,11,40,40,42,45,45,50,54,57,59,64,65,67,71,75,77,79,81,81,81,86,86,86,87,89,89,89,90,90,90,90,92
09775,Neu-Ulm (Landkreis),2,2,2,2,2,2,2,2,3,8,8,9,10,10,17,19,34,47,58,58,72,80,94,100,121,126,132,145,170,191,207,219,235,241,250,283,298,297,310,323,324,330,334,358,385,385,390,393,394,397,397
07138,Neuwied (Landkreis),0,0,0,0,1,1,1,2,2,8,10,10,14,36,36,52,61,61,73,87,91,107,112,123,123,123,145,145,145,153,155,156,161,161,175,184,192,197,200,200,200,200,208,208,212,213,213,214,214,214,206
03256,Nienburg (Weser) (Landkreis),0,0,0,0,0,0,0,0,2,2,2,2,5,6,6,8,15,15,17,19,21,22,22,24,26,27,29,36,38,39,42,42,52,52,54,56,60,60,60,60,60,60,62,62,63,63,63,64,64,64,64
01054,Nordfriesland (Kreis),0,0,0,0,0,0,0,0,0,1,1,2,2,2,10,10,16,18,19,19,20,22,24,27,36,39,39,40,42,45,48,48,49,51,52,53,59,64,64,65,67,68,67,68,69,71,71,71,71,71,76
16062,Nordhausen (Landkreis),0,0,0,0,0,0,0,0,0,2,2,2,2,2,2,2,3,3,4,6,6,7,9,10,10,11,15,17,17,17,21,21,21,22,26,26,31,32,31,35,40,40,40,41,45,46,51,51,56,52,53
14730,Nordsachsen (Landkreis),0,0,0,0,0,0,0,0,0,2,2,3,3,6,6,10,15,15,17,17,20,21,26,29,31,37,37,41,55,61,73,74,79,78,83,92,95,94,100,106,105,105,114,117,120,121,123,123,125,129,131
13074,Nordwestmecklenburg (Landkreis),0,0,0,0,0,0,0,0,0,0,0,0,3,3,4,15,17,17,17,18,21,24,24,25,28,28,28,36,38,44,51,51,51,51,54,55,59,60,60,63,63,63,64,67,67,68,68,68,69,70,70
03155,Northeim (Landkreis),0,0,0,0,0,0,0,0,3,4,5,5,7,7,7,13,17,17,17,22,27,29,32,33,33,33,40,41,42,49,53,53,53,62,62,64,67,73,73,79,85,87,90,96,98,102,102,106,107,111,115
09564,Nürnberg (Kreisfreie Stadt),3,4,8,9,9,12,13,14,15,19,27,27,28,30,53,61,74,74,93,116,134,180,202,213,230,237,250,268,326,361,412,451,483,503,511,687,733,794,818,841,852,852,852,852,814,842,857,855,873,892,902
09574,Nürnberger Land (Landkreis),0,0,0,1,1,1,1,1,1,1,3,3,6,7,23,36,40,40,71,79,93,124,138,154,154,201,215,234,282,320,357,357,375,383,409,427,453,464,464,464,502,511,518,529,537,537,555,556,566,572,579
09780,Oberallgäu (Landkreis),0,1,1,1,4,7,8,9,14,14,14,24,28,34,36,45,45,50,50,51,51,63,70,77,87,91,96,99,105,108,117,127,130,137,144,146,148,152,153,153,153,153,155,162,162,163,163,163,165,165,165
05374,Oberbergischer Kreis (Kreis),2,2,5,5,5,6,6,10,14,14,26,26,33,50,51,69,78,100,100,101,124,141,163,180,203,222,235,267,280,303,306,314,314,327,347,354,362,371,374,374,386,387,397,402,406,423,423,423,425,431,437
05119,Oberhausen (Kreisfreie Stadt),0,0,0,0,0,0,0,1,3,8,10,10,12,13,18,26,35,35,36,37,38,44,48,61,63,66,68,69,78,83,91,108,108,114,117,125,134,134,141,144,144,145,147,157,157,164,169,170,170,171,176
12065,Oberhavel (Landkreis),1,1,1,1,1,1,1,1,1,1,1,4,4,5,13,23,29,37,37,37,50,54,65,76,85,95,101,106,115,119,126,133,137,141,144,149,152,155,155,161,162,164,165,168,172,176,177,195,202,207,258
12066,Oberspreewald-Lausitz (Landkreis),0,0,0,0,0,1,1,2,2,2,2,2,5,5,5,5,6,6,11,11,11,13,13,14,16,18,18,19,22,25,28,28,28,31,31,33,36,36,36,36,37,38,38,39,40,40,40,40,40,41,41
06437,Odenwaldkreis (Landkreis),0,0,0,0,0,0,0,0,0,0,2,2,2,7,8,13,16,17,23,24,24,31,46,47,58,60,60,70,93,97,106,131,131,132,138,161,166,180,185,187,192,200,204,220,233,243,252,252,275,292,309
12067,Oder-Spree (Landkreis),0,0,0,0,0,0,0,1,2,4,7,7,11,14,23,32,37,42,46,46,49,51,60,69,73,75,75,79,80,80,81,83,83,85,90,91,92,95,98,98,99,99,101,101,101,104,105,105,110,111,112
06438,Offenbach (Landkreis),0,0,0,0,0,1,1,1,7,8,8,19,19,23,35,50,65,73,76,86,95,112,122,131,160,176,176,179,194,207,219,232,241,248,256,273,289,306,314,321,342,345,357,368,378,383,395,397,399,402,414
06413,Offenbach am Main (Kreisfreie Stadt),0,0,0,0,0,0,1,1,1,1,1,1,5,5,5,5,6,6,9,11,13,15,18,19,22,24,26,26,29,32,33,34,35,43,42,47,49,52,53,54,54,56,59,59,62,68,70,72,72,74,75
03458,Oldenburg (Landkreis),0,1,1,1,1,1,1,1,4,4,4,4,4,8,9,12,15,16,16,16,25,33,45,56,60,96,108,113,119,146,159,159,169,169,185,182,182,190,190,190,195,202,202,203,208,208,212,216,216,216,218
03403,Oldenburg (Oldb) (Kreisfreie Stadt),1,1,1,2,2,2,6,6,6,11,11,11,18,25,26,30,31,31,31,49,61,74,76,91,91,91,107,111,116,130,143,143,143,159,162,173,184,184,184,184,184,189,190,190,194,194,194,196,196,196,202
05966,Olpe (Kreis),0,0,0,0,0,0,0,0,6,6,6,6,12,14,14,14,17,18,18,19,35,45,85,93,93,102,127,147,166,193,199,216,228,264,283,333,358,372,389,400,422,427,431,470,473,483,493,493,496,512,508
08317,Ortenaukreis (Landkreis),0,0,2,6,7,12,12,17,17,24,24,25,43,49,60,76,82,92,110,122,135,164,180,214,272,304,327,366,401,483,550,597,624,640,655,691,752,778,815,824,828,836,849,854,897,908,925,926,943,960,981
03404,Osnabrück (Kreisfreie Stadt),0,0,0,0,0,1,1,1,7,7,19,19,38,54,62,83,101,108,119,135,145,174,197,199,215,224,249,259,267,276,285,300,312,322,332,368,377,382,400,404,404,409,416,425,434,437,437,446,447,450,453
03459,Osnabrück (Landkreis),0,1,1,1,1,2,2,2,15,15,39,39,47,50,61,74,91,107,119,134,146,175,213,236,256,279,288,319,331,361,418,448,472,512,531,629,658,679,743,750,750,768,790,805,824,847,846,875,880,886,892
08136,Ostalbkreis (Landkreis),3,3,3,3,3,4,4,5,12,20,27,45,52,96,109,123,138,138,180,201,249,294,348,390,422,468,494,514,560,601,629,644,662,682,694,733,800,800,800,1027,1027,1061,1086,1123,1165,1165,1276,1289,1326,1349,1355
09777,Ostallgäu (Landkreis),3,3,4,4,4,4,5,5,6,8,10,10,11,14,16,16,24,26,38,40,69,78,94,100,116,133,149,156,171,203,258,280,296,312,355,355,368,386,406,433,439,441,450,456,469,476,476,480,480,488,492
03356,Osterholz (Landkreis),0,0,0,0,0,0,2,2,8,12,12,12,16,20,20,22,24,24,24,27,29,32,36,42,42,42,49,50,55,56,57,57,57,60,60,64,64,64,65,68,68,71,73,73,73,73,74,74,75,76,78
01055,Ostholstein (Kreis),0,0,0,0,0,0,1,1,1,1,2,2,4,4,4,7,11,12,13,13,17,18,22,23,23,23,23,32,39,43,47,51,51,52,52,52,53,54,54,54,57,57,57,58,58,59,59,59,59,59,59
12068,Ostprignitz-Ruppin (Landkreis),0,0,0,0,0,0,0,0,0,0,0,0,0,0,1,6,6,7,7,7,7,9,9,11,12,12,13,15,18,19,21,26,31,26,31,33,36,37,39,40,40,40,41,42,42,42,43,44,44,53,62
05774,Paderborn (Kreis),0,0,1,2,2,2,2,6,16,32,36,36,41,52,59,71,75,78,88,92,104,120,148,172,191,191,218,252,291,334,351,368,386,397,421,439,470,476,476,476,490,505,509,512,523,534,534,534,542,548,554
09262,Passau (Kreisfreie Stadt),1,1,2,2,2,2,2,2,2,2,2,3,3,3,4,5,6,7,7,16,16,22,24,27,37,39,45,52,55,57,78,78,90,90,94,98,93,108,108,108,114,116,122,120,120,120,120,120,121,122,123
09275,Passau (Landkreis),1,1,1,1,1,3,3,3,5,5,7,15,15,15,19,22,23,30,30,39,47,47,73,93,112,112,117,120,136,173,212,239,262,267,272,280,311,329,342,342,342,374,375,398,412,421,421,421,421,421,450
03157,Peine (Landkreis),0,0,0,0,0,0,0,0,0,0,2,2,2,8,8,11,15,20,21,21,25,31,40,40,54,62,77,90,94,99,105,108,110,110,117,122,124,125,126,127,127,127,129,131,132,133,133,133,135,135,136
09186,Pfaffenhofen a.d. Ilm (Landkreis),0,0,0,0,1,1,2,3,7,7,7,7,10,11,16,19,22,30,32,32,32,40,54,56,74,100,107,115,131,151,168,183,200,211,221,242,251,256,275,284,285,285,290,294,296,302,306,307,310,315,316
08231,Pforzheim (Stadtkreis),0,0,0,0,0,0,0,3,4,4,4,6,6,7,7,11,19,19,21,22,23,23,25,25,29,37,40,47,57,65,66,69,74,74,89,92,100,106,107,119,121,121,124,165,188,194,199,214,222,244,260
01056,Pinneberg (Kreis),1,1,2,2,2,2,4,4,5,5,18,24,24,27,54,60,76,76,88,92,115,122,155,178,178,188,205,233,250,271,304,304,339,339,377,423,445,455,455,455,461,468,468,477,483,491,492,494,502,502,520
07317,Pirmasens (Kreisfreie Stadt),0,0,0,0,0,0,0,0,0,0,0,0,0,0,0,1,1,5,7,7,7,11,12,12,12,15,15,15,17,19,19,23,23,23,23,23,24,24,25,25,26,26,28,29,29,29,29,29,29,29,29
01057,Plön (Kreis),0,0,0,0,0,2,2,2,2,2,2,6,6,6,8,10,11,12,12,21,23,31,38,45,50,54,54,56,58,64,68,72,73,75,80,89,89,93,94,99,101,101,101,104,104,104,104,104,104,105,110
12054,Potsdam (Kreisfreie Stadt),0,0,0,0,0,0,0,0,0,0,1,1,7,13,17,30,37,48,49,52,56,63,79,87,108,109,139,146,160,203,229,245,264,273,306,362,400,422,438,446,454,464,480,499,524,526,530,535,533,541,549
12069,Potsdam-Mittelmark (Landkreis),0,0,0,0,0,0,0,2,3,4,4,7,7,8,14,20,28,32,35,38,40,54,65,88,93,98,98,120,137,145,175,188,199,204,213,226,245,255,273,287,289,294,308,330,340,352,363,375,379,380,395
12070,Prignitz (Landkreis),0,0,0,0,0,0,0,0,0,0,0,0,0,0,1,1,1,1,1,1,6,6,6,9,9,9,9,9,9,9,9,9,13,15,17,17,18,19,20,20,20,20,23,23,23,23,23,23,23,23,23
08216,Rastatt (Landkreis),0,0,0,2,3,3,4,4,13,16,16,26,36,39,58,69,83,96,110,149,158,182,196,230,249,269,279,288,307,331,345,360,371,376,379,396,406,411,417,422,426,430,434,456,462,467,472,475,474,477,479
08436,Ravensburg (Landkreis),0,1,2,2,3,3,6,8,11,18,18,50,50,70,93,102,110,110,134,137,202,274,296,320,334,336,336,365,384,390,406,406,417,420,444,455,461,473,473,473,473,482,495,507,507,507,519,520,524,528,533
05562,Recklinghausen (Kreis),0,1,1,1,1,1,2,9,19,37,46,51,51,63,70,96,125,143,149,162,195,222,264,304,312,328,357,385,417,463,490,500,540,543,555,610,659,669,687,697,712,714,728,772,794,834,849,878,894,917,932
09276,Regen (Landkreis),0,0,0,0,0,0,0,0,0,3,6,6,18,18,20,20,23,24,25,25,25,34,39,40,40,40,43,44,54,60,70,79,89,95,104,104,118,119,122,123,123,125,129,132,133,138,143,143,146,146,148
09362,Regensburg (Kreisfreie Stadt),0,0,0,0,0,0,0,0,0,2,7,7,7,17,38,62,74,74,82,90,98,105,124,133,146,152,158,166,183,207,222,239,263,283,296,313,327,336,336,348,352,352,357,363,369,378,384,385,391,389,402
09375,Regensburg (Landkreis),0,0,0,1,1,4,4,7,7,7,12,14,14,19,27,56,67,67,76,85,87,94,107,121,132,147,156,162,174,195,217,238,259,279,290,316,328,333,333,348,355,355,360,368,375,383,388,392,392,387,394
03241,Region Hannover (Landkreis),2,3,3,3,4,7,11,17,25,59,60,60,121,138,173,238,304,310,341,368,428,510,588,661,692,738,811,867,911,976,1039,1072,1110,1165,1234,1310,1389,1402,1454,1462,1482,1519,1541,1572,1619,1663,1694,1711,1719,1749,1793
10041,Regionalverband Saarbrücken (Landkreis),1,1,1,1,1,1,1,5,8,10,10,20,27,27,63,86,102,114,121,147,163,169,190,211,250,268,268,359,421,511,534,582,648,665,698,770,854,911,922,930,930,944,968,997,1010,1021,1026,1029,1054,1065,1086
05120,Remscheid (Kreisfreie Stadt),0,0,0,4,4,4,4,4,5,7,7,8,8,14,15,19,21,21,23,33,34,38,41,45,54,56,59,61,69,80,89,92,92,99,108,113,119,129,144,148,149,150,153,166,189,194,196,197,200,203,205
08119,Rems-Murr-Kreis (Landkreis),2,2,4,4,5,5,6,6,22,26,26,42,49,54,68,110,117,133,175,202,211,240,286,353,374,445,506,519,555,595,688,744,771,809,835,873,915,958,987,1012,1014,1024,1030,1051,1083,1097,1134,1140,1145,1171,1197
01058,Rendsburg-Eckernförde (Kreis),0,0,0,0,0,0,0,1,1,1,8,8,12,13,16,21,24,30,33,37,46,56,73,89,100,112,112,125,128,137,147,158,166,166,172,177,186,192,195,198,199,199,199,210,213,215,217,219,221,224,226
08415,Reutlingen (Landkreis),0,0,0,0,0,0,1,5,11,13,19,30,34,43,49,71,96,96,96,127,152,172,206,235,249,249,374,433,472,557,591,666,681,711,751,776,831,854,864,903,1006,1114,1159,1192,1197,1228,1257,1262,1295,1314,1350
05362,Rhein-Erft-Kreis (Kreis),1,2,2,2,2,2,3,6,12,13,22,52,63,89,104,113,149,160,182,199,240,253,267,276,305,326,351,363,400,442,482,532,555,585,608,648,688,688,763,782,797,800,807,821,834,865,877,888,898,921,928
06439,Rheingau-Taunus-Kreis (Landkreis),0,0,0,0,0,2,2,2,5,16,23,24,24,25,27,31,31,31,31,51,59,59,89,89,89,107,107,113,117,135,141,147,147,153,160,166,173,176,176,176,176,176,180,184,184,184,187,189,190,191,191
07140,Rhein-Hunsrück-Kreis (Landkreis),0,0,0,0,0,0,0,1,4,6,7,14,26,28,33,39,46,46,47,55,64,68,72,79,89,100,102,106,109,114,116,118,124,124,128,131,134,135,135,136,137,142,148,148,152,152,155,155,155,158,159
05378,Rheinisch-Bergischer Kreis (Kreis),3,3,3,3,3,8,11,12,18,30,30,30,52,60,69,81,95,95,95,135,141,152,163,171,187,200,212,219,226,236,250,258,281,294,305,316,333,346,364,376,376,380,382,391,391,395,397,400,401,404,406
05162,Rhein-Kreis Neuss (Kreis),1,1,2,2,2,2,2,5,8,19,19,19,44,50,50,60,86,112,133,179,220,220,245,257,282,319,361,362,396,425,448,455,475,491,493,502,511,518,527,530,530,530,530,531,536,536,552,559,562,572,572
07141,Rhein-Lahn-Kreis (Landkreis),0,0,0,0,0,0,0,0,4,5,6,6,7,15,26,27,33,34,37,48,50,54,64,70,80,81,82,90,90,100,107,111,115,118,121,122,127,127,133,134,135,135,138,142,150,153,153,153,153,153,153
08226,Rhein-Neckar-Kreis (Landkreis),2,3,4,7,10,13,14,19,28,33,52,70,77,109,127,154,182,240,276,276,330,371,413,460,489,521,564,591,625,654,703,703,713,726,739,745,753,766,778,778,803,811,824,836,839,845,853,855,855,855,860
07338,Rhein-Pfalz-Kreis (Landkreis),0,0,0,0,0,0,0,1,1,1,1,1,1,3,5,7,10,10,10,27,39,44,57,67,67,67,105,113,121,139,142,142,142,158,159,167,173,173,173,173,173,180,184,186,190,190,193,194,195,201,203
05382,Rhein-Sieg-Kreis (Kreis),0,0,2,2,2,7,12,19,24,32,32,77,77,111,158,228,260,260,262,336,356,417,460,490,490,543,552,581,619,675,714,714,789,799,829,866,909,909,923,923,970,973,995,1015,1028,1051,1082,1086,1100,1106,1113
09673,Rhön-Grabfeld (Landkreis),0,0,0,0,0,0,0,0,0,0,1,1,1,3,3,11,11,11,13,18,21,23,29,37,38,38,41,41,46,52,65,76,76,77,93,100,105,108,118,118,126,131,136,139,140,140,146,150,151,156,160
09163,Rosenheim (Kreisfreie Stadt),1,1,1,1,2,2,2,2,2,2,2,2,2,4,10,15,18,33,43,48,49,53,88,101,111,128,140,146,172,208,223,228,245,198,198,218,218,248,249,280,282,282,299,301,344,339,339,348,348,361,383
09187,Rosenheim (Landkreis),0,0,0,0,0,3,3,7,13,16,17,27,31,45,68,75,84,144,225,231,258,384,500,623,623,745,747,777,861,963,1078,1105,1172,1189,1189,1310,1310,1453,1457,1550,1555,1555,1609,1645,1758,1752,1752,1798,1798,1862,1888
13003,Rostock (Kreisfreie Stadt),0,0,0,0,0,0,2,2,4,6,8,10,11,16,23,23,23,25,27,29,29,34,38,48,53,56,58,59,60,61,62,64,64,65,71,71,72,72,72,72,72,73,74,74,74,74,74,75,75,75,75
13072,Rostock (Landkreis),0,0,0,0,0,2,3,3,6,8,10,11,11,13,13,13,17,17,17,18,20,24,24,25,26,26,29,31,32,37,42,44,46,46,46,47,50,52,52,54,54,54,54,54,54,54,54,54,54,54,54
03357,Rotenburg (Wümme) (Landkreis),2,2,2,2,2,2,3,5,5,5,7,7,18,18,19,22,25,30,34,34,36,38,42,49,50,54,55,55,58,63,66,67,72,73,75,76,78,79,81,82,86,87,88,92,96,96,96,97,97,98,98
09576,Roth (Landkreis),1,2,2,2,2,2,2,2,3,3,3,4,5,5,7,8,12,12,14,21,25,27,47,60,69,82,82,90,110,149,166,166,183,187,210,219,224,231,241,241,241,251,253,259,261,263,263,267,270,272,272
09277,Rottal-Inn (Landkreis),0,0,0,0,0,0,1,2,7,7,10,14,17,30,36,46,55,59,75,87,110,144,160,180,192,243,286,313,355,374,410,432,494,516,537,568,589,602,621,621,628,652,654,657,659,670,678,681,684,690,686
08325,Rottweil (Landkreis),1,1,1,1,1,1,1,1,1,2,3,4,4,5,5,5,8,8,8,17,17,50,86,98,108,128,138,152,161,189,233,257,289,302,317,325,369,415,415,435,464,464,483,503,517,529,529,533,536,542,554
16074,Saale-Holzland-Kreis (Landkreis),0,0,0,0,0,0,1,1,3,3,3,3,3,4,5,10,14,14,17,17,18,19,20,21,22,27,28,29,30,35,36,36,45,46,47,47,49,49,50,50,50,50,50,50,50,50,50,50,52,53,55
15088,Saalekreis (Landkreis),0,0,0,0,0,0,1,1,1,1,1,1,3,3,6,12,15,19,22,23,32,41,46,50,56,56,58,63,71,77,80,82,83,84,86,91,95,96,96,97,99,100,100,100,101,103,103,106,106,106,106
16075,Saale-Orla-Kreis (Landkreis),1,1,1,1,1,3,3,3,3,3,3,3,3,3,4,5,6,7,7,9,9,9,10,27,27,27,32,34,37,47,60,61,65,70,70,80,83,85,88,92,95,98,100,101,103,103,107,110,113,113,117
16073,Saalfeld-Rudolstadt (Landkreis),0,0,0,0,0,0,0,0,0,5,5,5,5,5,5,8,12,12,17,17,17,20,25,33,33,33,33,39,45,47,48,48,48,52,52,52,54,55,55,55,54,54,54,54,54,54,54,54,54,55,57
10044,Saarlouis (Landkreis),0,0,0,0,0,0,1,1,2,5,5,10,17,24,26,37,39,46,46,57,58,62,78,96,97,124,132,159,172,215,230,252,278,296,318,353,377,390,398,402,408,413,426,440,449,453,453,458,462,474,489
10045,Saarpfalz-Kreis (Landkreis),0,0,1,3,3,3,3,3,3,4,4,14,17,17,28,35,40,43,56,76,87,94,102,115,115,115,127,140,160,184,193,193,193,213,226,233,241,248,251,252,223,256,262,294,296,299,303,303,304,305,305
14628,Sächsische Schweiz-Osterzgebirge (Landkreis),1,1,1,1,1,1,2,2,6,8,11,11,11,14,20,27,35,41,64,73,82,83,105,112,142,151,175,179,199,213,222,226,255,258,269,279,285,288,292,295,298,301,304,309,316,316,316,319,321,325,328
03102,Salzgitter (Kreisfreie Stadt),0,0,0,0,0,0,0,0,1,1,2,2,2,3,5,10,18,23,25,26,30,34,41,44,45,45,53,55,58,61,64,67,70,72,72,85,94,97,97,97,99,100,102,107,110,113,115,117,117,119,126
15089,Salzlandkreis (Landkreis),0,0,0,0,0,0,1,3,6,7,7,7,8,8,8,11,18,18,18,21,27,33,37,37,37,37,39,40,44,45,48,49,54,56,58,59,59,59,59,60,60,60,60,60,60,61,62,62,62,62,63
03257,Schaumburg (Landkreis),0,0,0,0,0,0,0,0,1,2,2,2,4,5,12,19,23,27,29,32,32,38,44,48,53,53,53,54,59,62,71,78,81,81,83,91,106,112,120,120,122,122,125,128,132,133,140,139,138,138,139
01059,Schleswig-Flensburg (Kreis),0,0,0,0,0,0,0,1,2,5,5,11,16,17,21,22,23,24,27,27,34,34,38,48,62,67,69,75,87,88,91,93,95,95,99,101,104,107,108,111,113,113,115,116,116,116,116,117,116,121,121
16066,Schmalkalden-Meiningen (Landkreis),0,0,0,0,0,0,0,0,1,2,2,2,2,3,5,5,9,13,15,15,15,19,21,25,27,28,30,30,33,33,36,36,38,39,42,49,55,55,55,55,55,61,67,68,71,72,73,74,76,78,86
09565,Schwabach (Kreisfreie Stadt),1,1,1,1,1,1,1,1,1,1,1,1,2,5,6,6,8,8,8,8,9,12,16,17,18,24,25,26,35,37,37,40,47,48,54,59,61,63,63,63,63,66,68,70,70,70,70,72,72,73,73
08127,Schwäbisch Hall (Landkreis),0,0,0,0,0,1,1,1,15,22,22,22,35,48,62,62,98,98,111,145,201,201,311,347,347,406,437,476,532,582,627,627,686,722,737,777,777,808,808,808,825,832,846,870,888,888,904,916,927,935,942
06634,Schwalm-Eder-Kreis (Landkreis),0,0,0,0,0,0,0,0,1,6,17,25,26,34,54,62,66,71,71,77,82,89,109,131,149,162,162,162,183,212,241,264,275,282,293,313,325,335,348,356,356,358,381,405,416,425,425,425,431,442,447
09376,Schwandorf (Landkreis),0,0,0,0,1,1,1,2,5,7,7,7,12,15,17,23,24,32,39,43,57,68,74,76,92,114,123,134,176,191,219,251,255,263,282,303,319,343,343,343,360,362,372,376,404,404,414,414,418,421,425
08326,Schwarzwald-Baar-Kreis (Landkreis),0,0,0,1,1,1,1,2,4,7,7,16,16,27,29,40,43,67,76,80,103,123,133,153,170,175,187,201,209,254,284,301,306,319,323,336,347,362,370,370,376,381,397,405,412,421,426,432,434,446,466
09662,Schweinfurt (Kreisfreie Stadt),0,0,0,0,0,0,0,0,0,1,1,3,4,8,9,9,12,13,13,13,13,13,13,19,19,27,40,50,55,65,69,78,84,90,90,94,98,105,117,124,126,128,131,134,138,139,140,144,145,147,151
09678,Schweinfurt (Landkreis),0,0,0,0,0,0,0,0,0,4,4,6,10,16,18,18,27,35,37,45,50,60,79,79,92,137,147,137,144,165,189,215,230,257,268,274,294,303,342,349,352,359,376,367,367,367,400,406,409,432,437
13004,Schwerin (Kreisfreie Stadt),0,0,0,0,0,0,0,1,1,4,7,7,9,10,19,29,33,38,38,38,46,47,53,56,60,62,62,69,71,74,75,77,77,77,83,84,86,86,86,86,86,86,87,88,88,88,88,89,89,89,89
01060,Segeberg (Kreis),1,2,2,2,2,2,2,2,4,4,4,6,7,14,18,19,27,29,30,34,43,48,55,63,72,73,80,93,108,119,133,141,143,151,162,169,172,180,183,184,186,194,198,201,202,205,206,207,207,208,207
05970,Siegen-Wittgenstein (Kreis),0,0,0,0,0,0,1,1,10,14,14,14,21,26,29,29,39,39,47,50,58,68,80,97,97,104,111,119,140,152,167,167,182,188,194,200,212,221,226,228,239,239,245,256,262,262,267,269,271,282,283
08437,Sigmaringen (Landkreis),1,1,1,1,1,1,3,3,4,6,9,12,28,37,48,58,74,89,90,104,128,163,207,262,302,310,318,346,396,458,480,498,517,541,553,576,589,605,623,627,628,650,679,689,694,701,708,715,718,734,740
05974,Soest (Kreis),0,0,0,0,0,0,0,1,7,10,17,17,25,35,49,55,62,73,89,93,110,121,141,156,170,181,197,207,214,225,224,230,235,260,265,283,293,305,310,311,313,315,320,322,325,330,331,331,332,334,334
05122,Solingen (Kreisfreie Stadt),0,0,0,0,0,0,4,4,5,6,6,19,24,32,33,35,38,38,38,51,60,71,71,71,81,87,91,94,111,117,132,137,141,144,151,160,161,161,161,183,187,193,195,199,207,211,214,214,216,215,217
16068,Sömmerda (Landkreis),0,0,0,0,0,0,0,0,0,0,0,0,0,0,0,1,2,3,4,6,8,10,14,20,22,22,22,23,24,27,29,29,29,30,30,31,32,32,32,32,32,32,32,33,34,34,34,34,33,37,37
16072,Sonneberg (Landkreis),0,0,0,0,0,0,0,0,0,0,0,0,0,0,0,0,3,5,5,6,9,11,13,16,20,21,23,30,32,34,35,36,36,36,38,41,47,47,49,49,50,53,54,57,58,61,61,62,73,76,80
07318,Speyer (Kreisfreie Stadt),0,0,0,0,0,0,0,0,0,1,2,2,2,4,5,8,9,9,9,13,17,17,20,22,22,22,30,32,32,38,38,38,38,40,41,44,48,48,48,50,50,53,53,53,54,54,54,58,59,60,63
12071,Spree-Neiße (Landkreis),0,0,0,0,0,1,2,4,4,5,10,10,10,13,20,23,23,23,23,29,29,31,35,40,40,40,43,44,46,46,49,51,51,51,51,51,51,51,51,51,51,51,51,52,52,52,53,53,54,54,54
10046,St. Wendel (Landkreis),0,0,0,0,0,0,0,0,8,8,12,15,17,17,22,32,38,45,50,51,57,62,69,73,81,81,86,96,99,104,104,119,121,122,127,138,145,145,149,150,150,152,155,155,155,155,155,155,157,157,158
03359,Stade (Landkreis),0,1,1,2,6,11,11,13,14,17,21,21,24,28,33,37,43,58,58,66,73,80,92,103,105,109,115,117,123,127,135,141,152,153,156,160,162,165,170,170,172,173,176,177,177,177,179,177,177,180,182
05334,Städteregion Aachen (Kreis),24,33,41,51,51,58,61,63,70,85,100,155,169,211,273,334,405,443,516,530,540,618,694,746,787,824,863,920,980,1081,1155,1213,1259,1272,1295,1367,1426,1465,1508,1532,1547,1557,1583,1623,1650,1669,1693,1707,1719,1754,1797
09188,Starnberg (Landkreis),11,12,12,13,14,14,18,20,28,35,35,42,47,50,50,62,69,83,97,110,153,210,223,233,262,270,297,302,354,371,385,403,408,417,422,431,441,456,465,467,469,478,483,489,495,497,499,502,506,507,510
01061,Steinburg (Kreis),0,0,0,0,0,0,0,0,0,2,2,4,4,4,4,8,8,13,13,13,20,21,23,28,36,36,36,40,43,51,53,53,53,62,62,66,70,72,74,74,74,74,73,76,76,77,77,79,79,79,83
05566,Steinfurt (Kreis),0,0,0,0,0,2,5,11,26,37,49,64,82,95,124,151,167,191,201,222,244,269,292,338,362,392,395,430,469,528,573,631,664,702,746,806,851,900,951,960,983,1005,1007,1032,1052,1071,1093,1106,1117,1130,1156
15090,Stendal (Landkreis),0,0,0,0,0,0,0,0,0,0,0,1,1,5,5,7,10,10,10,17,17,21,24,33,39,51,52,55,59,62,63,63,64,66,66,66,69,70,71,74,75,75,77,80,81,82,85,85,85,89,90
01062,Stormarn (Kreis),1,1,1,1,1,1,1,1,1,1,1,1,8,8,17,21,29,43,52,60,68,79,88,95,113,120,132,147,155,161,175,185,195,199,209,215,222,233,238,238,289,315,316,332,337,348,348,355,360,366,376
09263,Straubing (Kreisfreie Stadt),0,0,0,0,0,0,0,0,0,2,3,5,6,8,14,14,29,29,30,40,44,49,58,66,77,79,88,106,126,139,156,178,179,180,208,218,234,218,244,245,246,247,284,294,303,308,309,311,304,341,340
09278,Straubing-Bogen (Landkreis),0,0,0,0,0,0,1,1,2,2,2,3,4,4,13,14,29,38,43,43,46,57,58,67,81,83,92,120,138,154,180,198,200,202,229,259,257,290,261,265,266,266,272,289,302,312,314,314,356,346,389
08111,Stuttgart (Stadtkreis),2,3,4,8,9,10,19,27,35,55,80,150,284,284,284,324,341,341,430,441,451,504,565,635,685,708,788,864,908,940,983,1006,1024,1024,1075,1090,1159,1172,1189,1213,1249,1257,1280,1303,1310,1326,1326,1349,1352,1365,1389
07337,Südliche Weinstraße (Landkreis),0,0,0,0,0,0,0,1,1,1,1,1,9,19,21,28,28,33,34,34,39,39,47,60,66,74,79,85,95,105,111,115,115,120,122,124,126,131,131,131,132,132,134,138,138,141,145,145,139,141,142
07340,Südwestpfalz (Landkreis),0,0,0,0,0,0,0,0,0,0,0,0,1,3,3,6,11,12,16,17,20,24,30,33,38,41,46,49,55,60,68,76,75,76,78,79,81,81,92,92,94,94,95,97,98,99,99,99,99,100,100
16054,Suhl (Kreisfreie Stadt),0,0,0,0,0,0,0,0,0,0,1,1,1,1,1,1,1,4,4,4,4,5,5,5,5,6,6,7,7,7,7,9,10,10,11,11,11,11,11,11,11,11,11,11,11,12,12,12,13,13,13
12072,Teltow-Fläming (Landkreis),0,0,0,0,0,1,1,1,1,2,2,6,6,10,11,12,13,20,23,23,23,27,38,40,42,43,43,50,56,59,67,67,70,71,75,83,88,90,91,91,92,94,99,101,102,105,106,110,110,117,120
09377,Tirschenreuth (Landkreis),0,0,0,0,0,0,0,1,3,5,10,17,30,40,47,47,77,77,182,182,202,236,259,323,397,398,454,504,579,665,702,762,762,814,873,895,926,926,955,955,956,993,1018,1026,1038,1053,1053,1062,1068,1082,1083
09189,Traunstein (Landkreis),3,3,3,3,3,4,4,4,8,8,8,10,13,13,19,20,34,50,63,80,86,120,145,158,199,222,251,271,315,347,385,455,466,491,519,566,646,715,724,724,734,771,794,842,887,908,924,936,959,987,1015
07211,Trier (Kreisfreie Stadt),0,0,0,0,0,0,0,0,0,3,3,6,7,10,10,12,13,14,16,20,26,26,29,34,47,47,57,59,63,69,69,71,73,73,81,82,84,84,84,84,89,89,89,91,92,92,93,93,93,93,93
07235,Trier-Saarburg (Landkreis),0,0,0,0,0,0,0,0,0,0,0,8,8,12,15,19,20,28,31,33,39,40,45,49,57,57,76,82,88,92,93,102,105,111,121,127,128,130,133,133,139,150,154,159,163,163,163,165,165,168,172
08416,Tübingen (Landkreis),2,2,2,2,2,3,5,5,16,35,43,70,80,101,113,126,144,144,144,191,300,479,524,591,650,671,702,760,807,807,902,939,980,990,1031,1069,1076,1086,1105,1113,1122,1134,1147,1152,1163,1171,1172,1183,1194,1197,1207
08327,Tuttlingen (Landkreis),0,0,0,0,0,0,0,0,0,3,4,5,5,7,7,10,13,13,15,15,32,40,74,85,111,137,163,181,193,212,253,286,299,318,322,336,349,357,368,368,372,379,388,401,407,410,411,417,417,424,432
12073,Uckermark (Landkreis),0,0,0,0,0,0,0,0,0,0,0,0,0,0,1,4,4,4,4,4,5,5,5,8,9,13,10,18,18,21,22,22,22,22,23,24,24,24,26,26,26,29,29,29,29,29,31,32,32,35,35
03360,Uelzen (Landkreis),0,0,0,0,0,0,0,1,1,1,1,1,1,1,3,3,5,7,7,11,12,15,16,19,23,24,25,25,26,26,27,28,29,29,29,31,33,33,33,34,34,34,34,39,41,41,41,41,41,42,42
08421,Ulm (Stadtkreis),4,4,4,4,4,5,6,6,6,9,9,12,13,19,33,46,50,50,60,62,78,94,100,105,105,116,123,137,146,163,169,183,183,196,199,202,206,213,215,220,220,221,222,222,225,226,227,229,229,234,238
05978,Unna (Kreis),1,1,1,1,1,1,4,6,14,15,17,19,20,25,51,61,83,93,98,108,124,146,162,171,185,189,200,235,255,282,306,331,365,377,403,418,438,438,438,477,490,495,522,532,546,552,555,556,560,566,577
16064,Unstrut-Hainich-Kreis (Landkreis),0,0,0,0,0,0,0,0,0,0,0,0,1,2,2,5,5,5,5,6,7,8,10,10,10,11,15,18,21,25,31,35,35,35,40,43,45,47,51,52,52,53,54,58,61,62,62,64,65,68,68
09778,Unterallgäu (Landkreis),0,0,0,0,0,0,0,0,5,5,10,15,18,18,19,19,31,42,48,56,59,60,87,99,113,123,131,137,139,154,174,180,184,193,210,220,223,229,232,235,236,240,245,250,254,254,257,262,262,266,269
03460,Vechta (Landkreis),0,0,0,0,0,0,0,0,2,2,3,3,6,6,17,22,33,47,54,59,63,92,94,115,128,133,156,179,194,200,211,224,230,235,244,253,261,268,271,272,275,277,283,287,292,296,298,299,300,302,304
03361,Verden (Landkreis),0,0,0,0,0,0,2,3,5,8,8,8,12,14,20,23,24,26,27,33,37,37,43,48,50,57,58,73,80,82,96,96,96,100,106,107,107,107,107,107,107,110,111,113,113,113,113,114,114,116,116
05166,Viersen (Kreis),2,3,4,5,5,5,6,6,6,17,27,37,40,46,58,70,123,153,158,168,174,199,227,248,249,262,275,284,334,350,353,393,403,406,411,430,445,469,487,487,491,496,499,509,516,537,537,544,566,567,572
06535,Vogelsbergkreis (Landkreis),0,0,0,0,0,1,1,2,2,2,3,4,4,4,9,15,17,17,26,30,31,38,41,45,51,53,53,58,61,69,73,76,78,78,85,91,96,100,100,100,100,100,102,103,106,109,110,110,113,117,117
14523,Vogtlandkreis (Landkreis),0,0,0,0,0,0,0,0,0,0,0,1,2,2,5,7,10,16,16,30,36,47,62,80,93,93,106,111,117,125,131,134,151,161,171,187,195,204,214,217,256,258,268,270,275,277,279,280,285,288,298
13075,Vorpommern-Greifswald (Landkreis),2,2,2,2,2,2,2,2,2,4,4,5,5,9,13,20,24,26,26,30,31,32,37,46,55,56,56,66,69,69,76,81,81,82,83,95,95,101,101,108,109,110,113,113,115,118,120,120,120,122,124
13073,Vorpommern-Rügen (Landkreis),1,2,2,2,2,2,2,3,4,4,4,5,6,6,9,10,12,15,15,15,17,18,23,33,33,38,38,41,51,55,58,59,61,62,63,65,66,69,73,74,74,74,74,75,75,76,76,76,76,76,76
07233,Vulkaneifel (Landkreis),0,0,0,0,0,0,0,2,3,3,3,3,10,11,17,20,28,28,29,30,31,32,35,39,39,48,51,52,59,64,82,82,83,86,86,89,90,94,95,100,100,100,101,101,102,104,104,105,107,108,109
06635,Waldeck-Frankenberg (Landkreis),0,0,0,0,0,1,1,3,4,4,5,8,8,8,18,21,25,28,28,28,34,36,42,47,55,55,61,61,66,79,80,86,90,94,94,102,103,109,112,112,112,112,113,124,130,131,131,137,137,138,142
08337,Waldshut (Landkreis),0,0,0,0,0,0,0,0,2,4,5,6,6,8,17,20,28,32,36,53,60,61,70,73,89,91,109,114,132,138,161,184,190,193,202,218,225,236,248,252,253,253,254,268,277,279,283,283,283,288,292
05570,Warendorf (Kreis),0,0,0,0,0,1,4,5,11,27,42,57,65,84,108,138,181,207,207,207,217,244,254,279,287,291,303,310,322,338,341,342,343,347,351,362,367,376,376,379,401,405,408,414,422,426,427,428,430,434,440
16063,Wartburgkreis (Landkreis),0,0,0,0,0,0,0,0,0,0,0,2,3,5,5,5,10,12,13,13,14,15,15,15,17,17,18,19,27,29,29,29,29,29,31,31,32,32,33,33,33,33,35,35,37,37,37,37,37,37,37
09363,Weiden i.d. OPf. (Kreisfreie Stadt),0,0,0,0,0,0,0,0,3,4,7,7,7,7,7,7,7,7,20,20,22,31,40,47,55,61,64,70,77,93,109,125,136,142,143,154,171,183,191,193,198,203,210,225,230,245,249,252,254,263,270
09190,Weilheim-Schongau (Landkreis),0,1,1,3,3,3,3,3,8,8,11,19,19,26,27,44,56,74,84,93,104,115,136,154,177,183,186,203,227,242,257,273,279,288,290,296,304,307,309,321,321,321,325,326,326,335,336,326,334,329,340
16055,Weimar (Kreisfreie Stadt),0,0,0,0,0,0,1,1,1,1,2,2,2,2,6,11,11,11,11,14,16,20,22,24,27,29,31,33,37,41,44,46,49,50,50,51,54,55,55,55,58,58,58,58,58,58,58,58,58,59,59
16071,Weimarer Land (Landkreis),0,0,0,0,0,0,0,0,0,0,1,1,1,1,2,4,5,9,9,12,12,15,15,17,18,21,22,24,26,29,30,36,41,54,54,54,57,58,59,59,59,59,59,59,64,65,65,66,66,67,67
09577,Weißenburg-Gunzenhausen (Landkreis),0,0,0,0,0,0,0,0,0,2,2,2,2,2,5,7,8,12,20,24,33,44,51,74,82,91,96,101,110,133,141,146,155,163,171,186,192,233,242,242,257,259,263,272,272,278,279,280,283,292,304
06636,Werra-Meißner-Kreis (Landkreis),0,0,0,0,0,0,0,0,0,0,0,0,1,1,1,1,2,5,5,5,9,13,14,14,21,21,22,22,24,26,28,29,30,31,34,47,58,71,83,95,102,104,115,119,124,126,126,127,129,133,157
05170,Wesel (Kreis),1,1,1,1,1,1,1,4,15,26,27,27,49,72,85,99,124,124,124,146,164,176,192,208,217,217,237,243,254,258,267,278,285,286,303,319,333,362,362,391,396,404,410,418,426,426,437,452,459,468,477
03461,Wesermarsch (Landkreis),0,0,0,0,0,0,0,0,0,0,0,0,0,0,4,4,5,5,9,11,13,20,26,32,38,39,40,42,43,45,47,47,47,48,48,48,49,49,49,49,51,52,52,52,52,52,52,52,52,52,52
07143,Westerwaldkreis (Landkreis),0,0,0,0,0,0,0,0,1,2,5,5,36,53,54,54,78,83,88,99,103,106,115,130,137,142,147,160,178,184,191,198,204,227,245,261,266,274,275,276,289,290,293,297,311,316,316,316,318,318,321
06440,Wetteraukreis (Landkreis),0,0,0,0,0,0,0,0,1,1,2,8,8,15,15,26,26,38,38,41,41,54,66,75,84,91,91,105,124,135,141,146,153,154,158,167,184,186,193,204,204,206,211,214,215,232,241,244,245,250,258
06414,Wiesbaden (Kreisfreie Stadt),0,0,0,0,0,1,1,1,6,7,7,7,19,22,22,48,59,59,94,94,101,111,127,148,148,171,176,180,184,195,199,206,209,210,217,229,239,247,250,250,250,254,259,269,277,278,282,283,291,290,293
03405,Wilhelmshaven (Kreisfreie Stadt),0,0,0,0,0,0,2,2,2,2,2,2,3,3,5,5,5,5,5,5,6,6,6,6,6,6,6,7,7,7,8,9,10,10,11,13,13,13,13,15,15,15,16,17,17,17,17,17,17,17,17
15091,Wittenberg (Landkreis),0,0,0,0,0,0,0,1,2,2,2,2,2,3,7,11,15,19,24,36,38,53,60,62,66,80,82,89,92,97,101,107,113,113,121,126,130,132,137,139,142,142,146,146,146,146,148,149,149,150,150
03462,Wittmund (Landkreis),0,0,0,0,0,0,0,1,1,1,1,1,3,3,3,4,4,4,4,6,6,8,10,14,16,16,15,15,15,16,16,16,16,16,19,20,20,20,20,20,21,21,21,21,22,22,24,24,24,24,24
03158,Wolfenbüttel (Landkreis),0,0,0,0,0,0,0,0,0,0,0,0,0,1,2,3,6,6,6,7,11,20,26,29,32,32,35,47,55,60,73,75,76,76,81,86,99,99,120,120,120,124,144,148,152,154,155,153,154,158,160
03103,Wolfsburg (Kreisfreie Stadt),0,0,0,0,0,0,0,0,0,2,3,3,3,4,8,10,14,16,20,28,31,40,51,98,122,145,163,171,184,195,217,217,221,222,225,228,235,241,248,248,249,249,250,253,259,266,271,272,272,277,280
07319,Worms (Kreisfreie Stadt),0,0,0,0,0,0,0,0,0,1,1,2,2,14,16,22,22,30,30,37,47,50,55,59,67,67,71,76,81,84,93,109,111,111,117,124,124,130,134,136,137,139,142,143,151,153,158,155,161,163,164
09479,Wunsiedel i. Fichtelgebirge (Landkreis),0,0,0,0,0,0,0,0,0,0,0,1,2,14,16,16,16,41,53,62,73,88,115,115,159,188,197,221,265,292,319,351,416,422,444,475,505,505,522,528,539,543,551,564,564,582,586,589,589,594,600
05124,Wuppertal (Kreisfreie Stadt),0,0,0,0,0,0,0,0,4,6,10,16,20,31,50,61,74,74,74,109,117,138,162,172,185,185,197,210,249,262,285,298,328,354,383,423,490,490,490,556,571,580,589,624,652,692,697,727,752,760,763
09663,Würzburg (Kreisfreie Stadt),2,2,2,4,4,6,6,7,12,16,27,30,35,40,41,42,66,85,87,88,104,117,128,204,217,243,250,276,294,310,318,356,361,363,372,379,383,397,402,429,429,430,431,437,443,452,452,453,455,458,461
09679,Würzburg (Landkreis),0,0,3,3,3,9,9,10,16,19,32,36,41,47,60,70,100,100,130,149,167,180,215,172,211,201,215,230,244,260,268,278,290,293,298,305,318,335,338,347,347,355,361,370,376,386,386,388,397,396,399
08417,Zollernalbkreis (Landkreis),2,10,11,11,11,11,15,19,21,21,21,21,33,51,60,70,76,76,76,151,162,219,256,271,336,346,349,419,452,480,502,549,567,569,617,638,663,687,717,740,757,764,788,808,828,840,874,887,892,930,961
07320,Zweibrücken (Kreisfreie Stadt),0,0,0,0,0,0,0,0,0,0,0,0,0,0,0,0,2,3,3,3,4,4,5,9,9,9,11,12,15,21,22,26,26,26,27,27,27,27,34,34,34,34,34,36,37,37,37,37,37,37,37
14524,Zwickau (Landkreis),0,0,0,0,0,0,0,0,0,1,4,4,14,23,37,50,110,172,172,175,184,221,244,267,286,286,341,355,379,408,434,491,500,510,514,539,575,587,598,614,621,655,661,670,690,693,697,707,709,717,724
