GEN,AGS,04.03.2020,05.03.2020,06.03.2020,07.03.2020,08.03.2020,09.03.2020,10.03.2020,11.03.2020,12.03.2020,13.03.2020,14.03.2020,15.03.2020,16.03.2020,17.03.2020,18.03.2020,19.03.2020,20.03.2020,21.03.2020,22.03.2020,23.03.2020,24.03.2020,25.03.2020,26.03.2020,27.03.2020,28.03.2020,29.03.2020,30.03.2020,31.03.2020,01.04.2020,02.04.2020,03.04.2020,04.04.2020,05.04.2020,06.04.2020,07.04.2020,08.04.2020,09.04.2020,current,current_time
Flensburg,1001,0,0,0,0,0,0,0,0,0,1,1,4,6,7,7,8,10,13,15,15,15,16,18,21,21,21,21,22,23,25,25,27,31,28,28,30,30,31,09/04/2020 0:00
Kiel,1002,0,0,0,0,0,0,0,0,6,7,11,12,13,17,18,25,34,36,37,41,51,51,63,66,74,74,100,114,121,124,136,146,157,160,164,169,170,175,09/04/2020 0:00
Lübeck,1003,1,1,1,1,2,2,2,2,7,7,8,9,10,11,11,18,19,43,53,56,57,63,63,63,67,69,69,77,88,97,98,101,103,103,103,119,125,125,08/04/2020 20:41
Neumünster,1004,0,0,0,0,0,0,0,0,0,0,0,0,0,1,1,3,3,7,7,7,10,11,12,13,15,15,15,19,24,25,29,30,30,31,34,34,36,40,09/04/2020 0:00
Dithmarschen,1051,0,0,1,1,1,1,1,1,1,1,1,1,6,6,6,10,11,11,12,12,15,15,16,19,20,24,24,28,27,28,33,35,37,37,42,46,49,50,09/04/2020 18:00
Herzogtum Lauenburg,1053,1,1,1,1,1,2,2,2,3,3,5,5,12,12,13,19,21,24,24,36,39,51,52,56,71,80,80,80,92,112,115,135,147,155,155,162,178,178,08/04/2020 20:40
Nordfriesland,1054,0,0,0,0,0,0,0,0,0,0,1,1,2,2,2,10,10,16,18,19,19,20,22,24,27,36,39,39,40,42,45,48,48,49,51,52,53,59,09/04/2020 0:00
Ostholstein,1055,0,0,0,0,0,0,0,1,1,1,1,2,2,4,4,4,7,11,12,13,13,17,18,22,23,23,23,23,32,39,43,47,51,51,52,52,52,53,09/04/2020 0:00
Pinneberg,1056,1,1,1,2,2,2,2,4,4,5,5,18,24,24,27,54,60,76,76,88,92,115,122,155,178,178,188,205,233,250,271,304,304,339,339,377,423,445,09/04/2020 16:00
Plön,1057,0,0,0,0,0,0,2,2,2,2,2,2,6,6,6,8,10,11,12,12,21,23,31,38,45,50,54,54,56,58,64,68,72,73,75,80,89,89,08/04/2020 20:53
Rendsburg-Eckernförde,1058,0,0,0,0,0,0,0,0,1,1,1,8,8,12,13,16,21,24,30,33,37,46,56,73,89,100,112,112,125,128,137,147,158,166,166,172,177,186,09/04/2020 0:00
Schleswig-Flensburg,1059,0,0,0,0,0,0,0,0,1,2,5,5,11,16,17,21,22,23,24,27,27,34,34,38,48,62,67,69,75,87,88,91,93,95,95,99,101,104,09/04/2020 16:00
Segeberg,1060,1,1,2,2,2,2,2,2,2,4,4,4,6,7,14,18,19,27,29,30,34,43,48,55,63,72,73,80,93,108,119,133,141,143,151,162,169,172,09/04/2020 0:00
Steinburg,1061,0,0,0,0,0,0,0,0,0,0,2,2,4,4,4,4,8,8,13,13,13,20,21,23,28,36,36,36,40,43,51,53,53,53,62,62,66,70,09/04/2020 0:00
Stormarn,1062,1,1,1,1,1,1,1,1,1,1,1,1,1,8,8,17,21,29,43,52,60,68,79,88,95,113,120,132,147,155,161,175,185,195,199,209,215,222,09/04/2020 19:00
Hamburg,2000,5,5,6,11,13,17,22,35,54,88,123,158,196,260,312,414,506,664,768,887,1043,1237,1450,1614,1759,1935,2078,2214,2290,2437,2557,2739,2882,3019,3088,3217,3370,3518,09/04/2020 0:00
Braunschweig,3101,0,0,1,1,1,1,1,1,1,2,2,5,5,8,12,13,18,25,29,56,58,63,73,80,94,109,138,144,148,169,189,209,216,225,231,232,241,247,09/04/2020 0:00
Salzgitter,3102,0,0,0,0,0,0,0,0,0,1,1,2,2,2,3,5,10,18,23,25,26,30,34,41,44,45,45,53,55,58,61,64,67,70,72,72,85,94,09/04/2020 15:34
Wolfsburg,3103,0,0,0,0,0,0,0,0,0,0,2,3,3,3,4,8,10,14,16,20,28,31,40,51,98,122,145,163,171,184,195,217,217,221,222,225,228,235,09/04/2020 16:34
Gifhorn,3151,0,0,0,0,0,0,0,0,0,0,5,7,7,16,20,23,26,32,34,34,37,39,43,48,53,62,62,68,78,77,87,92,95,96,99,103,107,106,09/04/2020 0:00
Goslar,3153,0,0,0,0,0,0,0,0,0,0,0,5,5,7,7,14,14,18,18,21,22,24,31,40,46,51,51,60,61,61,60,70,74,82,87,89,90,98,09/04/2020 0:00
Helmstedt,3154,0,0,0,0,0,0,0,0,0,0,2,2,2,2,2,5,9,9,16,18,18,24,26,39,45,45,53,60,65,69,76,78,82,82,84,84,91,105,09/04/2020 15:46
Northeim,3155,0,0,0,0,0,0,0,0,0,3,4,5,5,7,7,7,13,17,17,17,22,27,29,32,33,33,33,40,41,42,49,53,53,53,62,62,64,67,09/04/2020 0:00
Peine,3157,0,0,0,0,0,0,0,0,0,0,0,2,2,2,8,8,11,15,20,21,21,25,31,40,40,54,62,77,90,94,99,105,108,110,110,117,122,124,09/04/2020 0:00
Wolfenbüttel,3158,0,0,0,0,0,0,0,0,0,0,0,0,0,0,1,2,3,6,6,6,7,11,20,26,29,32,32,35,47,55,60,73,75,76,76,81,86,99,09/04/2020 0:00
Göttingen,3159,0,0,0,0,0,0,0,0,0,0,3,4,4,14,19,32,45,51,61,70,75,83,94,115,127,142,158,200,208,234,270,286,312,340,351,370,399,433,09/04/2020 0:00
Region Hannover,3241,2,2,3,3,3,4,7,11,17,25,59,60,60,121,138,173,238,304,310,341,368,428,510,588,661,692,738,811,867,911,976,1039,1072,1110,1165,1234,1310,1389,09/04/2020 0:00
Diepholz,3251,0,0,0,0,0,0,0,0,0,3,11,21,21,25,35,37,47,63,75,75,90,100,102,111,117,126,126,138,154,166,184,204,211,221,222,233,247,255,09/04/2020 18:47
Hameln-Pyrmont,3252,0,0,0,0,0,0,0,0,1,1,2,3,3,7,9,13,19,23,26,27,28,28,32,38,44,60,70,70,73,79,82,83,89,89,89,92,94,97,09/04/2020 0:00
Hildesheim,3254,0,0,0,0,2,2,2,3,3,3,3,14,31,31,44,66,84,89,97,97,100,114,123,144,152,152,152,153,161,172,180,190,197,197,197,204,211,215,09/04/2020 15:00
Holzminden,3255,0,0,0,0,0,0,0,0,0,1,1,1,1,9,13,14,19,23,27,27,29,30,36,39,44,47,47,55,62,62,70,73,76,79,79,79,85,91,09/04/2020 12:20
Nienburg (Weser),3256,0,0,0,0,0,0,0,0,0,2,2,2,2,5,6,6,8,15,15,17,19,21,22,22,24,26,27,29,36,38,39,42,42,52,52,54,56,60,09/04/2020 0:00
Schaumburg,3257,0,0,0,0,0,0,0,0,0,1,2,2,2,4,5,12,19,23,27,29,32,32,38,44,48,53,53,53,54,59,62,71,78,81,81,83,91,106,09/04/2020 0:00
Celle,3351,0,0,3,3,3,3,3,4,5,6,6,8,8,12,15,21,27,36,36,36,44,50,55,61,69,70,72,89,98,102,106,110,110,110,116,119,124,129,09/04/2020 16:00
Cuxhaven,3352,1,1,1,2,2,2,3,3,3,4,5,5,5,5,13,22,28,28,32,34,38,39,39,46,49,53,53,54,55,56,59,60,63,63,65,65,70,72,09/04/2020 0:00
Harburg,3353,0,0,0,0,0,0,3,3,3,5,11,11,11,11,18,39,48,62,74,87,87,95,114,126,134,149,154,156,168,208,228,265,266,275,291,298,316,330,09/04/2020 15:18
Lüchow-Dannenberg,3354,0,0,0,0,0,0,0,0,0,0,0,0,0,0,0,0,1,6,6,6,6,6,7,7,9,9,9,8,8,10,11,12,12,13,13,14,14,14,09/04/2020 15:19
Lüneburg,3355,0,0,0,0,0,0,0,0,0,1,1,3,3,6,26,42,45,53,54,61,61,65,69,71,75,82,82,82,97,100,108,113,119,120,122,125,132,134,0
Osterholz,3356,0,0,0,0,0,0,0,2,2,8,12,12,12,16,20,20,22,24,24,24,27,29,32,36,42,42,42,49,50,55,56,57,57,57,60,60,64,64,09/04/2020 18:39
Rotenburg (Wümme),3357,2,2,2,2,2,2,2,3,5,5,5,7,7,18,18,19,22,25,30,34,34,36,38,42,49,50,54,55,55,58,63,66,67,72,73,75,76,78,09/04/2020 0:00
Heidekreis,3358,0,0,0,0,0,0,0,0,0,0,1,1,1,1,1,2,4,4,5,6,7,10,10,15,21,21,25,25,28,30,33,36,41,41,44,44,48,52,09/04/2020 0:00
Stade,3359,0,0,1,1,2,6,11,11,13,14,17,21,21,24,28,33,37,43,58,58,66,73,80,92,103,105,109,115,117,123,127,135,141,152,153,156,160,162,09/04/2020 0:00
Uelzen,3360,0,0,0,0,0,0,0,0,1,1,1,1,1,1,1,3,3,5,7,7,11,12,15,16,19,23,24,25,25,26,26,27,28,29,29,29,31,33,09/04/2020 15:19
Verden,3361,0,0,0,0,0,0,0,2,3,5,8,8,8,12,14,20,23,24,26,27,33,37,37,43,48,50,57,58,73,80,82,96,96,96,100,106,107,107,09/04/2020 15:30
Delmenhorst,3401,0,0,1,1,1,1,1,1,1,1,5,5,5,5,5,5,8,8,8,8,8,12,13,16,17,17,17,20,22,24,24,25,26,26,26,26,27,29,09/04/2020 15:24
Emden,3402,0,0,0,0,0,0,0,0,0,3,3,3,3,4,4,7,7,7,8,8,8,8,9,9,9,9,9,7,8,10,8,8,10,11,12,13,14,14,09/04/2020 18:17
Oldenburg (Oldb),3403,1,1,1,1,2,2,2,6,6,6,11,11,11,18,25,26,30,31,31,31,49,61,74,76,91,91,91,107,111,116,130,143,143,143,159,162,173,184,09/04/2020 0:00
Osnabrück,3404,0,0,0,0,0,0,1,1,1,7,7,19,19,38,54,62,83,101,108,119,135,145,174,197,199,215,224,249,259,267,276,285,300,312,322,332,368,377,09/04/2020 14:30
Wilhelmshaven,3405,0,0,0,0,0,0,0,2,2,2,2,2,2,3,3,5,5,5,5,5,5,6,6,6,6,6,6,6,7,7,7,8,9,10,10,11,13,13,09/04/2020 0:00
Ammerland,3451,1,1,1,1,1,1,1,1,1,1,7,7,7,7,11,14,17,20,21,24,33,36,44,50,56,64,77,82,88,93,99,103,107,111,115,119,132,138,09/04/2020 16:00
Aurich,3452,0,0,0,0,0,0,0,1,1,1,3,12,12,16,17,22,27,27,31,31,31,34,41,48,48,49,49,54,58,64,69,71,71,72,72,74,78,78,09/04/2020 0:00
Cloppenburg,3453,0,0,0,0,0,0,0,0,0,1,1,2,2,2,2,2,3,9,11,13,14,14,18,24,24,31,31,38,38,38,38,46,50,56,57,58,60,65,09/04/2020 15:30
Emsland,3454,0,0,0,0,0,0,0,1,1,3,4,10,10,31,36,43,51,56,63,64,67,78,93,102,114,136,140,146,149,165,175,181,191,200,201,213,244,255,09/04/2020 12:35
Friesland,3455,0,0,0,0,0,0,0,2,2,2,2,2,2,3,3,3,3,3,5,6,6,7,7,8,9,10,10,10,12,15,18,20,20,20,22,23,24,24,09/04/2020 18:49
Grafschaft Bentheim,3456,1,1,1,1,1,1,1,1,1,1,3,5,5,5,11,15,23,23,29,29,29,35,44,52,62,82,84,87,92,101,109,121,130,132,137,152,160,166,09/04/2020 0:00
Leer,3457,1,1,1,1,1,1,1,1,1,1,1,1,3,3,7,10,12,12,13,14,14,17,20,25,28,33,34,38,41,44,49,53,54,59,62,62,63,66,09/04/2020 15:32
Oldenburg,3458,0,0,1,1,1,1,1,1,1,4,4,4,4,4,8,9,12,15,16,16,16,25,33,45,56,60,96,108,113,119,146,159,159,169,169,185,182,182,09/04/2020 19:42
Osnabrück,3459,0,0,1,1,1,1,2,2,2,15,15,39,39,47,50,61,74,91,107,119,134,146,175,213,236,256,279,288,319,331,361,418,448,472,512,531,629,658,09/04/2020 14:30
Vechta,3460,0,0,0,0,0,0,0,0,0,2,2,3,3,6,6,17,22,33,47,54,59,63,92,94,115,128,133,156,179,194,200,211,224,230,235,244,253,261,09/04/2020 0:00
Wesermarsch,3461,0,0,0,0,0,0,0,0,0,0,0,0,0,0,0,4,4,5,5,9,11,13,20,26,32,38,39,40,42,43,45,47,47,47,48,48,48,49,09/04/2020 15:19
Wittmund,3462,0,0,0,0,0,0,0,0,1,1,1,1,1,3,3,3,4,4,4,4,6,6,8,10,14,16,16,15,15,15,16,16,16,16,16,19,20,20,09/04/2020 16:34
Bremen,4011,3,3,3,4,4,4,4,22,32,38,42,45,48,49,54,62,104,112,153,158,161,181,196,228,247,259,270,277,292,308,319,331,365,368,370,396,416,425,09/04/2020 0:00
Bremerhaven,4012,0,0,0,0,0,0,0,0,0,4,6,8,8,8,12,13,14,14,14,14,14,14,16,16,16,19,20,20,23,22,22,23,23,25,25,26,26,26,09/04/2020 0:00
Düsseldorf,5111,1,1,1,3,4,4,4,5,6,16,16,23,54,54,130,159,198,207,207,249,249,270,289,319,342,342,361,412,460,496,543,575,575,595,649,681,719,737,09/04/2020 16:30
Duisburg,5112,3,3,3,3,3,3,3,3,7,9,10,14,24,30,46,52,75,81,89,133,142,160,174,215,245,266,276,286,317,338,354,379,379,394,440,450,502,525,09/04/2020 16:00
Essen,5113,2,2,5,5,5,5,5,6,9,12,20,51,54,85,113,129,154,164,197,218,228,239,274,288,298,360,382,399,414,424,429,440,489,512,515,532,554,578,09/04/2020 16:35
Krefeld,5114,0,0,0,0,0,0,0,0,0,10,10,21,35,36,43,54,62,73,84,92,92,97,117,138,147,185,210,208,211,225,240,251,264,264,269,272,292,305,09/04/2020 13:00
Mönchengladbach,5116,3,3,3,5,7,7,7,8,8,17,28,35,36,37,44,46,51,72,100,104,109,119,124,135,151,168,174,178,182,217,235,250,265,294,296,304,321,331,09/04/2020 10:00
Mülheim an der Ruhr,5117,0,0,0,0,0,0,0,0,0,5,9,9,9,12,16,21,30,36,36,42,42,43,45,52,55,62,68,74,78,86,97,100,101,105,107,110,114,116,09/04/2020 13:00
Oberhausen,5119,0,0,0,0,0,0,0,0,1,3,8,10,10,12,13,18,26,35,35,36,37,38,44,48,61,63,66,68,69,78,83,91,108,108,114,117,125,134,09/04/2020 8:00
Remscheid,5120,0,0,0,0,4,4,4,4,4,5,7,7,8,8,14,15,19,21,21,23,33,34,38,41,45,54,56,59,61,69,80,89,92,92,99,108,113,119,09/04/2020 19:53
Solingen,5122,0,0,0,0,0,0,0,4,4,5,6,6,19,24,32,33,35,38,38,38,51,60,71,71,71,81,87,91,94,111,117,132,137,141,144,151,160,161,09/04/2020 9:14
Wuppertal,5124,0,0,0,0,0,0,0,0,0,4,6,10,16,20,31,50,61,74,74,74,109,117,138,162,172,185,185,197,210,249,262,285,298,328,354,383,423,490,09/04/2020 15:00
Kleve,5154,0,0,0,0,0,0,0,0,2,7,10,10,36,42,70,74,83,111,111,121,131,142,162,179,211,211,236,237,247,260,278,288,303,304,304,317,333,343,09/04/2020 0:00
Mettmann,5158,1,1,1,2,2,2,2,8,11,16,19,31,31,44,62,87,101,154,179,197,202,232,248,271,284,305,320,322,413,451,484,519,542,585,615,657,713,753,09/04/2020 16:17
Rhein-Kreis Neuss,5162,1,1,1,2,2,2,2,2,5,8,19,19,19,44,50,50,60,86,112,133,179,220,220,245,257,282,319,361,362,396,425,448,455,475,491,493,502,502,08/04/2020 8:00
Viersen,5166,2,2,3,4,5,5,5,6,6,6,17,27,37,40,46,58,70,123,153,158,168,174,199,227,248,249,262,275,284,334,350,353,393,403,406,411,430,445,09/04/2020 15:00
Wesel,5170,1,1,1,1,1,1,1,1,4,15,26,27,27,49,72,85,99,124,124,124,146,164,176,192,208,217,217,237,243,254,258,267,278,285,286,303,319,333,09/04/2020 15:00
Bonn,5314,1,1,1,1,1,1,6,7,13,17,23,28,37,55,64,69,75,103,120,133,157,166,180,218,222,241,259,268,289,305,316,353,370,395,412,421,437,447,09/04/2020 0:00
Köln,5315,12,12,15,18,29,29,33,33,43,65,123,180,244,301,384,478,586,679,773,817,857,921,1002,1075,1161,1249,1319,1369,1431,1540,1666,1715,1748,1768,1792,1839,1865,1947,09/04/2020 0:00
Leverkusen,5316,0,0,0,0,0,0,0,0,2,3,5,5,5,20,21,31,31,40,45,48,48,58,65,74,82,88,102,102,113,127,131,141,146,149,149,155,158,160,09/04/2020 13:00
Städteregion Aachen,5334,24,24,33,41,51,51,58,61,63,70,85,100,155,169,211,273,334,405,443,516,530,540,618,694,746,787,824,863,920,980,1081,1155,1213,1259,1272,1295,1367,1426,09/04/2020 10:30
Düren,5358,2,2,4,4,4,4,5,6,7,15,16,23,24,46,54,74,74,111,127,142,150,152,168,190,209,232,243,248,269,282,285,307,341,347,352,366,387,413,09/04/2020 0:00
Rhein-Erft-Kreis,5362,1,1,2,2,2,2,2,3,6,12,13,22,52,63,89,104,113,149,160,182,199,240,253,267,276,305,326,351,363,400,442,482,532,555,585,608,648,688,09/04/2020 0:00
Euskirchen,5366,0,0,0,1,1,1,2,2,2,4,6,12,12,13,13,28,37,51,51,51,53,64,68,92,92,101,124,129,134,145,164,209,213,213,219,228,241,254,09/04/2020 19:00
Heinsberg,5370,114,114,197,214,283,300,323,365,403,483,558,589,663,690,755,811,890,916,916,964,1011,1043,1067,1153,1153,1202,1246,1281,1307,1373,1417,1436,1436,1461,1474,1495,1527,1537,09/04/2020 19:53
Oberbergischer Kreis,5374,2,2,2,5,5,5,6,6,10,14,14,26,26,33,50,51,69,78,100,100,101,124,141,163,180,203,222,235,267,280,303,306,314,314,327,347,354,362,09/04/2020 17:30
Rheinisch-Bergischer Kreis,5378,3,3,3,3,3,3,8,11,12,18,30,30,30,52,60,69,81,95,95,95,135,141,152,163,171,187,200,212,219,226,236,250,258,281,294,305,316,333,09/04/2020 19:57
Rhein-Sieg-Kreis,5382,0,0,0,2,2,2,7,12,19,24,32,32,77,77,111,158,228,260,260,262,336,356,417,460,490,490,543,552,581,619,675,714,714,789,799,829,866,909,09/04/2020 0:00
Bottrop,5512,0,0,0,0,0,0,1,1,1,3,3,3,4,4,9,10,12,13,16,17,17,18,22,22,27,37,38,40,44,45,51,55,55,60,66,66,71,71,08/04/2020 11:46
Gelsenkirchen,5513,0,0,1,3,3,3,3,4,4,5,9,10,12,13,18,35,38,41,41,45,50,55,61,64,82,86,96,101,114,129,143,151,168,186,194,210,212,226,09/04/2020 15:30
Münster,5515,2,2,4,4,4,4,5,6,8,20,29,43,57,90,103,135,173,219,243,266,279,305,352,371,414,443,443,468,487,503,522,537,552,559,586,595,598,606,09/04/2020 15:00
Borken,5554,0,0,1,5,5,5,5,6,7,14,27,45,82,95,123,164,209,252,274,282,296,308,336,368,399,424,438,448,480,525,566,609,650,664,681,699,722,753,09/04/2020 15:30
Coesfeld,5558,1,1,13,13,16,16,21,21,22,30,39,47,50,53,70,85,93,127,152,152,166,182,207,232,264,293,303,310,334,358,372,377,394,399,409,417,431,439,09/04/2020 0:00
Recklinghausen,5562,0,0,1,1,1,1,1,2,9,19,37,46,51,51,63,70,96,125,143,149,162,195,222,264,304,312,328,357,385,417,463,490,500,540,543,555,610,659,09/04/2020 0:00
Steinfurt,5566,0,0,0,0,0,0,2,5,11,26,37,49,64,82,95,124,151,167,191,201,222,244,269,292,338,362,392,395,430,469,528,573,631,664,702,746,806,851,09/04/2020 15:00
Warendorf,5570,0,0,0,0,0,0,1,4,5,11,27,42,57,65,84,108,138,181,207,207,207,217,244,254,279,287,291,303,310,322,338,341,342,343,347,351,362,367,09/04/2020 20:04
Bielefeld,5711,0,0,0,0,0,0,0,2,5,15,19,25,27,28,43,49,57,72,81,93,98,104,120,132,142,146,146,164,169,177,188,200,209,222,224,233,257,269,09/04/2020 13:00
Gütersloh,5754,0,0,1,1,1,1,1,5,5,15,27,45,45,80,91,134,157,179,202,219,224,254,277,315,335,356,362,373,387,401,432,446,470,481,487,504,522,531,09/04/2020 0:00
Herford,5758,0,0,0,2,2,2,2,2,4,5,19,22,26,26,36,52,72,84,95,97,99,104,117,122,133,138,144,148,152,176,194,213,232,232,241,251,258,267,09/04/2020 19:40
Höxter,5762,0,0,0,0,0,0,0,0,0,0,0,2,2,2,4,7,12,16,20,21,21,22,29,34,49,55,63,66,71,72,78,99,122,148,152,154,157,167,09/04/2020 0:00
Lippe,5766,0,0,1,1,1,1,1,11,19,31,36,47,47,55,87,107,112,133,138,158,170,188,204,230,261,278,289,302,325,347,393,429,455,468,496,509,526,546,09/04/2020 0:00
Minden-Lübbecke,5770,0,0,0,1,1,1,1,5,9,14,18,47,55,73,87,98,118,140,153,153,166,184,207,223,241,246,256,268,294,340,364,385,397,397,410,430,443,463,09/04/2020 0:00
Paderborn,5774,0,0,0,1,2,2,2,2,6,16,32,36,36,41,52,59,71,75,78,88,92,104,120,148,172,191,191,218,252,291,334,351,368,386,397,421,439,470,09/04/2020 19:50
Bochum,5911,1,1,1,2,3,3,4,5,5,8,20,24,24,26,26,39,61,81,120,141,143,158,167,180,194,219,245,262,279,285,301,315,315,319,335,342,348,365,09/04/2020 19:52
Dortmund,5913,0,0,2,2,2,2,2,5,12,14,19,24,33,37,62,76,95,140,153,161,170,183,205,223,238,256,259,285,304,333,360,380,393,414,425,483,497,507,09/04/2020 0:00
Hagen,5914,0,0,0,0,0,0,1,3,3,3,3,3,6,6,8,21,28,28,31,42,43,49,52,56,56,62,62,81,80,82,92,96,101,114,119,122,125,125,08/04/2020 11:44
Hamm,5915,0,0,0,0,0,0,0,0,0,2,2,7,8,8,19,27,52,60,74,85,90,93,109,114,117,142,146,157,170,175,217,220,243,251,264,274,284,302,09/04/2020 19:34
Herne,5916,0,0,0,0,0,0,0,2,2,4,4,5,8,8,8,13,13,16,23,23,27,27,41,42,45,51,55,57,58,64,66,68,68,69,72,78,86,90,09/04/2020 19:42
Ennepe-Ruhr-Kreis,5954,0,0,0,0,0,0,0,1,1,3,13,16,17,21,32,38,45,52,61,75,83,92,97,108,119,151,170,191,202,218,226,245,254,260,279,285,295,308,09/04/2020 0:00
Hochsauerlandkreis,5958,0,0,0,0,0,0,0,1,1,13,25,25,31,49,80,82,82,85,116,131,149,160,166,173,203,229,241,255,284,312,328,364,379,396,403,414,421,478,09/04/2020 16:00
Märkischer Kreis,5962,1,1,3,5,5,5,6,6,7,10,13,13,18,18,27,29,31,33,38,38,44,47,51,70,81,89,100,118,127,146,165,174,175,175,231,241,264,290,09/04/2020 13:00
Olpe,5966,0,0,0,0,0,0,0,0,0,6,6,6,6,12,14,14,14,17,18,18,19,35,45,85,93,93,102,127,147,166,193,199,216,228,264,283,333,358,09/04/2020 17:00
Siegen-Wittgenstein,5970,0,0,0,0,0,0,0,1,1,10,14,14,14,21,26,29,29,39,39,47,50,58,68,80,97,97,104,111,119,140,152,167,167,182,188,194,200,212,09/04/2020 0:00
Soest,5974,0,0,0,0,0,0,0,0,1,7,10,17,17,25,35,49,55,62,73,89,93,110,121,141,156,170,181,197,207,214,225,224,230,235,260,265,283,293,09/04/2020 16:00
Unna,5978,1,1,1,1,1,1,1,4,6,14,15,17,19,20,25,51,61,83,93,98,108,124,146,162,171,185,189,200,235,255,282,306,331,365,377,403,418,438,09/04/2020 15:00
Darmstadt,6411,0,0,0,0,0,0,0,0,0,0,0,2,6,6,11,11,16,21,23,26,27,27,33,38,48,58,59,62,70,72,79,83,87,92,93,96,99,103,09/04/2020 0:00
Frankfurt am Main,6412,4,4,4,4,4,4,6,6,9,15,21,21,21,21,51,83,95,122,148,148,164,196,212,237,237,330,330,352,396,438,484,504,545,578,590,643,660,730,09/04/2020 0:00
Offenbach am Main,6413,0,0,0,0,0,0,0,1,1,1,1,1,1,5,5,5,5,6,6,9,11,13,15,18,19,22,24,26,26,29,32,33,34,35,43,42,47,49,09/04/2020 0:00
Wiesbaden,6414,0,0,0,0,0,0,1,1,1,6,7,7,7,19,22,22,48,59,59,94,94,101,111,127,148,148,171,205,209,213,224,228,235,209,210,217,229,239,#REF!
Bergstraße,6431,1,1,1,1,1,1,2,3,3,6,13,15,19,21,25,31,37,47,68,73,84,96,104,123,141,156,168,170,180,192,203,208,221,228,232,241,252,256,09/04/2020 20:06
Darmstadt-Dieburg,6432,0,0,0,0,0,0,0,1,1,1,4,5,6,10,14,18,26,62,63,73,73,82,99,114,128,148,157,161,177,195,207,215,223,231,237,241,251,268,09/04/2020 0:00
Groß-Gerau,6433,1,1,1,1,1,1,1,1,2,2,3,8,10,10,12,21,25,48,57,85,87,103,120,135,137,151,183,191,191,209,223,235,236,245,251,262,270,271,09/04/2020 20:10
Hochtaunuskreis,6434,1,1,1,2,2,2,2,3,3,4,5,7,9,18,20,28,40,52,52,67,72,76,88,108,111,129,131,139,146,161,163,172,177,177,184,190,200,206,09/04/2020 10:30
Main-Kinzig-Kreis,6435,1,1,1,1,1,1,1,1,1,11,12,21,25,28,33,40,55,64,70,73,76,81,100,106,120,148,151,162,183,203,227,240,255,257,265,283,301,315,09/04/2020 20:16
Main-Taunus-Kreis,6436,0,0,0,0,0,0,0,2,3,3,8,12,14,14,16,18,28,40,54,55,67,84,92,101,114,114,115,136,145,153,159,165,165,165,174,179,185,192,09/04/2020 16:45
Odenwaldkreis,6437,0,0,0,0,0,0,0,0,0,0,0,2,2,2,7,8,13,16,17,23,24,24,31,46,47,58,60,60,70,93,97,106,131,131,132,138,161,161,08/04/2020 0:00
Offenbach,6438,0,0,0,0,0,0,1,1,1,7,8,8,19,19,23,35,50,65,73,76,86,95,112,122,131,160,176,176,179,194,207,219,232,241,248,256,273,289,09/04/2020 0:00
Rheingau-Taunus-Kreis,6439,0,0,0,0,0,0,2,2,2,5,16,23,24,24,25,27,31,31,31,31,51,59,59,89,89,89,107,107,113,117,135,141,147,147,153,160,166,173,09/04/2020 0:00
Wetteraukreis,6440,0,0,0,0,0,0,0,0,0,1,1,2,8,8,15,15,26,26,38,38,41,41,54,66,75,84,91,91,105,124,135,141,146,153,154,158,167,184,09/04/2020 0:00
Gießen,6531,2,2,2,3,3,3,3,4,4,7,7,8,13,17,17,29,47,56,58,64,74,82,91,100,112,112,121,128,138,143,143,154,162,170,170,177,179,181,09/04/2020 20:08
Lahn-Dill-Kreis,6532,2,2,2,2,2,2,4,4,4,5,5,9,10,18,21,21,23,66,87,87,87,87,96,110,138,138,152,176,181,200,219,227,227,227,266,264,273,285,09/04/2020 10:00
Limburg-Weilburg,6533,0,0,0,0,0,0,0,0,0,0,0,1,1,4,8,12,36,45,57,58,68,99,111,115,137,147,149,149,160,174,179,191,194,198,201,201,203,205,09/04/2020 12:00
Marburg-Biedenkopf,6534,0,0,0,0,0,0,0,3,3,7,7,10,23,28,34,35,43,44,56,56,65,75,78,94,110,110,117,119,128,131,133,141,141,141,151,154,163,168,09/04/2020 20:18
Vogelsbergkreis,6535,0,0,0,0,0,0,1,1,2,2,2,3,4,4,4,9,15,17,17,26,30,31,38,41,45,51,53,53,58,61,69,73,76,78,78,85,91,96,09/04/2020 0:00
Kassel,6611,0,0,0,0,0,0,0,0,0,3,9,10,10,10,15,26,34,38,43,43,43,46,53,62,67,75,81,84,84,89,93,98,101,103,103,109,117,128,09/04/2020 10:30
Fulda,6631,0,0,0,0,0,0,2,2,5,5,16,16,29,43,43,43,71,73,77,91,91,103,110,115,123,134,143,148,155,163,190,196,209,217,217,234,240,247,09/04/2020 0:00
Hersfeld-Rotenburg,6632,0,0,0,0,0,0,0,0,0,6,6,6,12,12,15,17,20,29,30,31,33,33,36,39,44,53,54,58,64,76,99,120,124,127,136,140,142,151,09/04/2020 16:00
Kassel,6633,0,0,0,0,0,0,1,1,2,3,5,11,12,12,18,27,32,38,39,44,44,46,51,61,74,77,81,82,87,95,100,106,112,114,118,120,142,153,09/04/2020 0:00
Schwalm-Eder-Kreis,6634,0,0,0,0,0,0,0,0,0,1,6,17,25,26,34,54,62,66,71,71,77,82,89,109,131,149,162,162,162,183,212,241,264,275,282,293,313,325,09/04/2020 0:00
Waldeck-Frankenberg,6635,0,0,0,0,0,0,1,1,3,4,4,5,8,8,8,18,21,25,28,28,28,34,36,42,47,55,55,61,61,66,79,80,86,90,94,94,102,103,09/04/2020 20:23
Werra-Meißner-Kreis,6636,0,0,0,0,0,0,0,0,0,0,0,0,0,1,1,1,1,2,5,5,5,9,13,14,14,21,21,22,22,24,26,28,29,30,31,34,47,58,09/04/2020 0:00
Koblenz,7111,0,0,0,0,1,3,5,5,5,6,8,8,8,21,27,36,42,51,60,67,75,95,109,122,127,138,141,141,148,155,157,164,167,167,177,190,201,201,08/04/2020 13:05
Ahrweiler,7131,0,0,0,0,0,0,0,0,0,0,3,3,3,14,17,18,24,31,37,44,48,51,56,58,61,63,68,70,71,74,82,83,91,95,99,101,103,103,08/04/2020 16:45
Altenkirchen (Westerwald),7132,0,0,0,0,0,0,0,0,0,0,1,1,2,3,8,11,13,13,17,17,17,25,31,35,39,39,50,53,53,57,59,62,62,66,71,72,74,74,08/04/2020 0:00
Bad Kreuznach,7133,0,0,0,0,0,0,0,0,1,1,1,13,13,23,23,25,30,42,44,46,53,57,64,72,77,90,92,98,108,114,123,127,137,137,137,140,144,144,08/04/2020 14:30
Birkenfeld,7134,0,0,0,0,0,0,0,0,0,0,0,0,0,0,2,2,5,5,15,17,17,19,20,25,31,33,34,34,36,38,45,49,51,53,53,57,57,57,08/04/2020 20:00
Cochem-Zell,7135,0,0,0,0,0,0,0,0,0,0,5,5,6,19,25,35,38,43,45,45,59,62,73,80,87,99,100,100,108,112,115,117,117,117,119,122,122,122,08/04/2020 16:31
Mayen-Koblenz,7137,0,0,2,2,2,2,2,4,4,4,7,11,13,46,62,90,102,108,120,126,151,159,165,176,178,190,196,201,212,224,234,245,249,250,259,276,283,283,08/04/2020 13:06
Neuwied,7138,0,0,0,0,0,1,1,1,2,2,8,10,10,14,36,36,52,61,61,73,87,91,107,112,123,123,123,145,145,145,153,155,156,161,161,175,184,184,08/04/2020 0:00
Rhein-Hunsrück-Kreis,7140,0,0,0,0,0,0,0,0,1,4,6,7,14,26,28,33,39,46,46,47,55,64,68,72,79,89,100,102,106,109,114,116,118,124,124,128,131,131,08/04/2020 16:15
Rhein-Lahn-Kreis,7141,0,0,0,0,0,0,0,0,0,4,5,6,6,7,15,26,27,33,34,37,48,50,54,64,70,80,81,82,90,90,100,107,111,115,118,121,122,122,08/04/2020 8:00
Westerwaldkreis,7143,0,0,0,0,0,0,0,0,0,1,2,5,5,36,53,54,54,78,83,88,99,103,106,115,130,137,142,147,160,178,184,191,198,204,227,245,261,261,08/04/2020 18:45
Trier,7211,0,0,0,0,0,0,0,0,0,0,3,3,6,7,10,10,12,13,14,16,20,26,26,29,34,47,47,57,59,63,69,69,71,73,73,81,82,82,08/04/2020 8:00
Bernkastel-Wittlich,7231,0,0,0,0,0,0,0,0,1,3,3,4,4,6,7,9,16,18,21,23,24,31,32,38,45,49,56,62,67,67,74,78,80,85,87,94,98,98,08/04/2020 0:00
Eifelkreis Bitburg-Prüm,7232,0,0,0,0,0,1,1,1,1,1,4,6,12,16,21,21,29,32,39,44,48,56,61,62,78,88,91,96,97,112,114,117,118,121,124,128,129,129,08/04/2020 16:25
Vulkaneifel,7233,0,0,0,0,0,0,0,0,2,3,3,3,3,10,11,17,20,28,28,29,30,31,32,35,39,39,48,51,52,59,64,82,82,83,86,86,89,89,08/04/2020 17:15
Trier-Saarburg,7235,0,0,0,0,0,0,0,0,0,0,0,0,8,8,12,15,19,20,28,31,33,39,40,45,49,57,57,76,82,88,92,93,102,105,111,121,127,127,08/04/2020 8:00
Frankenthal (Pfalz),7311,0,0,0,0,0,0,0,0,0,0,1,1,1,1,1,3,8,9,11,11,11,12,12,16,18,18,18,23,23,25,25,27,27,27,28,28,31,31,08/04/2020 15:55
Kaiserslautern,7312,3,3,3,4,4,4,4,4,4,5,6,9,9,9,9,11,13,13,19,24,30,36,46,48,53,53,54,56,59,63,69,70,71,71,72,78,78,78,08/04/2020 23:30
Landau in der Pfalz,7313,0,0,0,0,0,0,0,0,0,0,0,0,0,1,2,2,4,4,6,8,8,18,18,19,29,32,35,35,38,43,46,47,48,48,51,51,55,55,08/04/2020 14:00
Ludwigshafen am Rhein,7314,0,0,0,0,0,0,0,0,0,1,1,1,1,3,9,10,12,13,17,17,20,25,35,48,52,54,54,82,86,91,97,117,117,126,139,149,149,149,08/04/2020 0:00
Mainz,7315,1,1,1,1,1,2,2,2,3,4,11,11,16,19,28,35,45,55,62,81,82,90,99,115,125,144,180,182,187,196,212,222,238,249,266,278,301,301,08/04/2020 0:00
Neustadt an der Weinstraße,7316,0,0,0,0,0,0,1,1,1,1,1,4,4,5,5,7,8,8,10,10,11,40,40,42,45,45,50,54,57,59,64,65,67,71,75,77,79,79,08/04/2020 12:23
Pirmasens,7317,0,0,0,0,0,0,0,0,0,0,0,0,0,0,0,0,1,1,5,7,7,7,11,12,12,12,15,15,15,17,19,19,23,23,23,23,23,23,08/04/2020 15:55
Speyer,7318,0,0,0,0,0,0,0,0,0,0,1,2,2,2,4,5,8,9,9,9,13,17,17,20,22,22,22,30,32,32,38,38,38,38,40,41,44,44,08/04/2020 15:55
Worms,7319,0,0,0,0,0,0,0,0,0,0,1,1,2,2,14,16,22,22,30,30,37,47,50,55,59,67,67,71,76,81,84,93,109,111,111,117,124,124,08/04/2020 0:00
Zweibrücken,7320,0,0,0,0,0,0,0,0,0,0,0,0,0,0,0,0,0,2,3,3,3,4,4,5,9,9,9,11,12,15,21,22,26,26,26,27,27,27,08/04/2020 15:55
Alzey-Worms,7331,0,0,0,0,0,0,0,0,0,0,2,2,8,8,23,24,41,48,55,55,55,60,63,70,75,80,84,85,88,93,96,102,107,107,107,110,120,120,08/04/2020 16:00
Bad Dürkheim,7332,1,1,1,1,3,3,3,4,4,6,7,13,15,18,19,35,48,56,72,83,99,110,111,117,136,146,160,162,170,179,189,200,207,220,222,230,234,234,08/04/2020 12:22
Donnersbergkreis,7333,0,0,0,0,0,0,0,0,0,1,2,2,2,7,11,12,13,24,28,29,31,35,47,50,52,53,58,58,62,64,67,68,70,71,73,75,78,83,09/04/2020 15:20
Germersheim,7334,1,1,1,1,1,1,1,1,1,2,4,4,4,8,10,20,24,27,27,27,27,37,42,45,51,56,61,62,68,77,84,89,89,91,100,102,107,107,08/04/2020 15:00
Kaiserslautern,7335,0,0,0,0,0,0,2,3,3,3,3,5,5,11,13,13,13,20,28,36,41,48,52,54,59,61,61,69,74,78,80,80,82,82,80,87,87,87,08/04/2020 23:30
Kusel,7336,0,0,0,0,0,0,0,0,0,0,1,13,13,14,14,18,18,18,19,21,23,25,30,31,35,35,45,45,46,52,54,60,60,64,64,68,69,69,08/04/2020 16:00
Südliche Weinstraße,7337,0,0,0,0,0,0,0,0,1,1,1,1,1,9,19,21,28,28,33,34,34,39,39,47,60,66,74,79,85,95,105,111,115,115,120,122,124,124,08/04/2020 14:00
Rhein-Pfalz-Kreis,7338,0,0,0,0,0,0,0,0,1,1,1,1,1,1,3,5,7,10,10,10,27,39,44,57,67,67,67,105,113,121,139,142,142,142,158,159,167,167,08/04/2020 15:55
Mainz-Bingen,7339,0,0,1,1,1,1,1,2,3,3,10,18,18,18,20,24,30,37,47,54,57,65,76,84,91,103,113,115,117,150,175,191,206,211,223,227,242,242,08/04/2020 0:00
Südwestpfalz,7340,0,0,0,0,0,0,0,0,0,0,0,0,0,1,3,3,6,11,12,16,17,20,24,30,33,38,41,46,49,55,60,68,76,75,76,78,79,79,08/04/2020 15:55
Stuttgart,8111,2,2,3,4,8,9,10,19,27,35,55,80,150,284,284,284,324,341,341,430,441,451,504,565,635,685,708,788,864,908,940,983,1006,1024,1024,1075,1113,1159,09/04/2020 13:00
Böblingen,8115,1,1,1,3,3,3,3,4,4,4,7,9,9,9,66,66,105,125,182,239,255,318,351,398,450,473,473,596,613,664,695,798,821,1001,1028,1013,1042,1094,09/04/2020 0:00
Esslingen,8116,5,5,13,14,16,16,18,23,40,47,65,82,119,123,206,206,234,360,360,362,435,462,493,596,648,705,737,761,833,946,1012,1071,1117,1117,1168,1198,1256,1298,09/04/2020 0:00
Göppingen,8117,2,2,2,2,3,3,3,4,4,21,32,32,57,61,64,81,101,110,110,185,193,204,237,264,298,331,365,388,401,450,485,503,520,541,544,551,578,600,09/04/2020 15:36
Ludwigsburg,8118,3,3,3,5,7,7,8,11,12,18,24,39,39,39,87,112,126,175,190,236,282,351,418,507,594,642,682,723,746,835,904,977,1056,1072,1088,1129,1179,1233,09/04/2020 0:00
Rems-Murr-Kreis,8119,2,2,2,4,4,5,5,6,6,22,26,26,42,49,54,68,110,117,133,175,202,211,240,286,353,374,445,506,519,555,595,688,744,771,809,835,873,915,08/04/2020 12:30
Heilbronn,8121,2,2,2,3,3,3,3,3,3,3,3,4,4,4,9,13,19,20,20,28,55,60,71,81,104,122,124,147,168,168,220,220,265,274,274,277,285,285,08/04/2020 16:00
Heilbronn,8125,10,10,10,14,20,20,26,26,30,32,38,38,47,50,57,113,113,135,140,187,197,212,236,279,331,342,365,390,427,435,484,485,521,521,541,555,579,579,08/04/2020 16:00
Hohenlohekreis,8126,0,0,1,1,1,1,2,2,6,9,25,29,54,54,151,167,178,182,222,222,257,278,278,302,350,404,421,453,453,478,508,537,549,557,583,594,600,600,08/04/2020 16:00
Schwäbisch Hall,8127,0,0,0,0,0,0,1,1,1,15,22,22,22,35,48,62,62,98,98,111,145,201,201,311,347,347,406,437,476,532,582,627,627,686,722,737,777,777,08/04/2020 0:00
Main-Tauber-Kreis,8128,1,1,1,2,23,23,24,24,25,31,32,33,33,33,34,36,39,43,57,58,60,63,70,78,97,119,119,120,141,175,182,198,233,237,250,252,262,262,08/04/2020 0:00
Heidenheim,8135,1,1,1,1,3,3,3,3,3,8,14,19,21,21,31,37,40,50,59,62,62,79,129,163,169,172,178,178,218,227,254,263,280,287,291,309,317,317,08/04/2020 16:55
Ostalbkreis,8136,3,3,3,3,3,3,4,4,5,12,20,27,45,52,96,109,123,138,138,180,201,249,294,348,390,422,468,494,514,560,601,629,644,662,682,694,733,733,08/04/2020 16:55
Baden-Baden,8211,0,0,0,0,1,1,1,1,2,3,3,4,5,7,12,14,19,21,23,27,33,36,36,39,47,64,69,73,84,91,96,101,110,110,113,114,125,133,09/04/2020 15:36
Karlsruhe,8212,1,1,1,1,3,3,3,3,3,8,8,14,14,25,31,43,55,57,60,71,80,94,106,111,131,144,152,161,163,178,197,206,228,238,245,256,270,279,09/04/2020 11:13
Karlsruhe,8215,0,0,1,2,4,4,5,9,13,16,16,29,29,43,56,77,99,151,171,186,188,203,227,252,282,308,353,365,373,410,452,484,621,640,657,669,686,704,09/04/2020 11:13
Rastatt,8216,0,0,0,0,2,3,3,4,4,13,16,16,26,36,39,58,69,83,96,110,149,158,182,196,230,249,269,279,288,307,331,345,360,371,376,379,396,406,09/04/2020 15:38
Heidelberg,8221,2,2,2,2,5,5,5,5,5,9,13,21,22,34,41,47,57,66,80,104,108,111,118,122,133,143,155,171,186,195,213,226,232,234,243,273,254,254,08/04/2020 16:00
Mannheim,8222,4,4,4,5,7,7,9,9,13,14,28,37,44,64,72,79,88,102,116,128,147,157,168,179,196,196,218,226,236,251,267,288,294,319,326,342,352,352,08/04/2020 0:00
Neckar-Odenwald-Kreis,8225,0,0,0,1,1,1,1,2,2,3,7,7,10,10,13,19,24,30,35,39,39,45,50,63,72,80,88,91,101,111,120,134,146,148,149,158,172,179,09/04/2020 0:00
Rhein-Neckar-Kreis,8226,2,2,3,4,7,10,13,14,19,28,33,52,70,77,109,127,154,182,240,276,276,330,371,413,460,489,521,564,591,625,654,703,703,713,726,739,745,753,09/04/2020 0:00
Pforzheim,8231,0,0,0,0,0,0,0,0,3,4,4,4,6,6,7,7,11,19,19,21,22,23,23,25,25,29,37,40,47,57,65,66,69,74,74,89,92,100,09/04/2020 20:25
Calw,8235,0,0,0,1,1,1,3,6,7,12,15,34,43,43,58,77,92,113,132,150,159,183,211,231,265,284,304,315,340,355,386,417,432,444,449,464,471,497,09/04/2020 19:00
Enzkreis,8236,0,0,0,0,1,1,1,1,2,5,5,9,9,9,11,12,21,30,33,34,41,46,55,58,58,77,110,115,125,142,151,168,198,202,163,209,234,234,08/04/2020 16:00
Freudenstadt,8237,0,0,0,0,0,0,0,1,1,2,2,3,10,10,12,14,14,16,33,65,65,72,75,116,125,149,161,177,186,196,218,222,253,276,288,298,344,390,09/04/2020 15:36
Freiburg im Breisgau,8311,6,6,8,8,8,8,12,12,15,18,34,38,53,53,64,86,121,158,195,195,226,230,248,285,333,386,402,426,457,502,562,608,657,684,690,704,757,795,09/04/2020 11:49
Breisgau-Hochschwarzwald,8315,4,4,4,4,5,5,6,6,11,19,36,40,46,50,64,89,126,145,173,173,199,199,235,266,280,378,389,415,453,507,566,614,664,706,708,708,779,774,09/04/2020 11:49
Emmendingen,8316,0,0,1,1,3,12,13,13,15,17,21,21,36,43,60,69,100,110,122,123,141,154,171,178,191,233,244,264,287,321,350,369,398,401,407,423,439,446,09/04/2020 0:00
Ortenaukreis,8317,0,0,0,2,6,7,12,12,17,17,24,24,25,43,49,60,76,82,92,110,122,135,164,180,214,272,304,327,366,401,483,550,597,624,640,655,691,691,07/04/2020 0:00
Rottweil,8325,1,1,1,1,1,1,1,1,1,1,2,3,4,4,5,5,5,8,8,8,17,17,50,86,98,108,128,138,152,161,189,233,257,289,302,317,325,325,08/04/2020 16:00
Schwarzwald-Baar-Kreis,8326,0,0,0,0,1,1,1,1,2,4,7,7,16,16,27,29,40,43,67,76,80,103,123,133,153,170,175,187,201,209,254,284,301,306,319,323,336,347,09/04/2020 0:00
Tuttlingen,8327,0,0,0,0,0,0,0,0,0,0,3,4,5,5,7,7,10,13,13,15,15,32,40,74,85,111,137,163,181,193,212,253,286,299,318,322,336,336,08/04/2020 14:00
Konstanz,8335,0,0,0,0,1,1,1,1,2,10,23,28,28,36,45,45,62,69,84,84,91,95,110,118,136,145,145,185,203,234,247,262,267,267,307,327,336,360,09/04/2020 15:42
Lörrach,8336,1,1,1,1,1,1,1,1,1,5,10,13,15,19,27,49,63,81,95,99,117,137,153,163,170,207,215,230,274,317,339,360,389,396,406,413,428,428,08/04/2020 0:00
Waldshut,8337,0,0,0,0,0,0,0,0,0,2,4,5,6,6,8,17,20,28,32,36,53,60,61,70,73,89,91,109,114,132,138,161,184,190,193,202,218,218,08/04/2020 16:00
Reutlingen,8415,0,0,0,0,0,0,0,1,5,11,13,19,30,34,43,49,71,96,96,96,127,152,172,206,235,249,249,374,433,472,557,591,666,681,711,751,776,831,09/04/2020 0:00
Tübingen,8416,2,2,2,2,2,2,3,5,5,16,35,43,70,80,101,113,126,144,144,144,191,300,479,524,591,650,671,702,760,807,807,902,939,980,990,1031,1069,1076,09/04/2020 19:40
Zollernalbkreis,8417,2,2,10,11,11,11,11,15,19,21,21,21,21,33,51,60,70,76,76,76,151,162,219,256,271,336,346,349,419,452,480,502,549,567,569,617,638,638,08/04/2020 17:30
Ulm,8421,4,4,4,4,4,4,5,6,6,6,9,9,12,13,19,33,46,50,50,60,62,78,94,100,105,105,116,123,137,146,163,169,183,183,196,199,202,206,09/04/2020 17:00
Alb-Donau-Kreis,8425,2,2,2,2,3,3,3,3,6,8,8,11,12,13,26,35,43,57,57,64,67,99,121,164,197,197,226,246,267,285,314,343,366,366,387,390,411,418,09/04/2020 17:00
Biberach,8426,0,0,0,1,3,3,3,3,3,4,11,12,12,12,38,45,55,55,55,73,74,111,154,187,200,212,225,226,243,260,285,307,323,338,342,361,375,375,08/04/2020 14:00
Bodenseekreis,8435,1,1,3,4,4,4,4,5,8,12,18,31,33,35,48,66,75,75,89,89,100,131,170,172,186,192,196,196,210,218,225,231,236,238,238,246,257,258,09/04/2020 16:00
Ravensburg,8436,0,0,1,2,2,3,3,6,8,11,18,18,50,50,70,93,102,110,110,134,137,202,274,296,320,334,336,336,365,384,390,406,406,417,420,444,455,455,08/04/2020 17:17
Sigmaringen,8437,1,1,1,1,1,1,1,3,3,4,6,9,12,28,37,48,58,74,89,90,104,128,163,207,262,302,310,318,346,396,472,480,498,517,541,553,576,576,-
Ingolstadt,9161,0,0,0,0,1,1,1,1,1,1,1,1,3,3,3,3,4,4,5,5,12,14,27,29,46,76,79,80,96,108,114,163,188,205,215,250,272,272,08/04/2020 0:00
München,9162,15,15,16,26,26,57,61,62,65,98,149,201,242,260,359,509,676,878,1042,1042,1316,1381,1576,1687,1845,2080,2256,2501,2699,2926,3099,3304,3449,3642,3794,3884,4003,4123,09/04/2020 0:00
Rosenheim,9163,1,1,1,1,1,2,2,2,2,2,2,2,2,2,4,10,15,18,33,43,48,49,53,88,101,111,128,140,146,172,208,223,228,245,198,198,218,218,08/04/2020 8:00
Altötting,9171,0,0,0,0,0,0,0,0,0,0,0,0,0,0,5,7,15,18,18,27,44,52,64,81,95,101,106,125,140,176,203,231,255,272,276,311,367,367,08/04/2020 15:00
Berchtesgadener Land,9172,0,0,0,0,0,0,0,0,0,0,4,4,4,9,9,13,19,25,28,31,39,41,48,60,64,68,76,80,96,108,130,140,155,165,169,186,214,214,08/04/2020 18:40
Bad Tölz-Wolfratshausen,9173,0,0,0,0,0,0,0,0,1,2,5,6,10,10,11,11,21,31,38,49,63,74,75,120,126,135,142,160,177,183,228,237,261,266,272,288,308,308,08/04/2020 10:00
Dachau,9174,0,0,0,0,0,3,3,3,5,6,7,10,10,18,18,35,55,63,63,105,111,128,174,220,249,249,290,294,336,373,378,457,457,500,514,555,587,606,09/04/2020 18:07
Ebersberg,9175,1,1,1,4,7,7,11,13,13,13,19,21,22,27,29,34,39,42,52,52,52,72,88,117,133,150,168,176,192,208,224,242,265,282,284,292,298,310,09/04/2020 10:00
Eichstätt,9176,0,0,0,0,0,0,0,0,0,0,1,2,2,2,3,6,6,13,24,24,30,32,38,47,53,53,73,81,93,97,100,112,122,120,134,141,152,152,08/04/2020 10:00
Erding,9177,1,1,1,1,2,2,2,2,3,3,10,11,11,28,28,31,54,70,70,109,129,143,178,210,213,245,297,316,327,350,373,401,401,420,424,442,468,468,08/04/2020 18:20
Freising,9178,14,14,17,20,22,28,31,51,51,56,56,73,74,87,93,122,145,164,174,218,229,252,296,326,360,397,433,445,485,521,581,616,643,678,674,695,748,748,08/04/2020 10:00
Fürstenfeldbruck,9179,0,0,0,0,0,0,3,4,4,6,6,15,18,22,22,23,24,36,51,51,51,94,110,250,275,275,275,320,329,359,474,512,512,512,522,612,612,612,07/04/2020 0:00
Garmisch-Partenkirchen,9180,0,0,0,0,0,1,1,1,2,2,2,3,3,3,14,20,20,38,42,42,43,46,70,79,89,89,113,115,126,133,137,145,179,182,183,196,197,197,07/04/2020 15:00
Landsberg am Lech,9181,0,0,0,0,0,0,2,2,2,3,3,3,4,5,10,14,14,18,24,44,48,51,55,98,109,110,124,136,138,156,163,175,206,217,223,236,254,271,09/04/2020 10:00
Miesbach,9182,2,2,2,3,4,4,5,5,6,6,13,13,15,15,32,44,57,58,61,108,156,171,185,217,240,268,288,301,316,338,354,364,397,397,418,424,437,437,08/04/2020 18:25
Mühldorf a. Inn,9183,0,0,0,0,0,0,0,0,0,0,0,0,0,0,1,10,10,16,20,38,41,56,67,77,93,125,136,157,161,180,217,246,271,281,285,313,328,346,09/04/2020 15:00
München,9184,0,0,3,3,7,7,14,14,15,25,32,32,38,75,75,103,134,200,219,246,279,327,373,429,462,539,561,574,626,675,735,783,849,893,904,931,963,994,09/04/2020 0:00
Neuburg-Schrobenhausen,9185,0,0,0,0,0,0,0,0,0,0,0,0,3,3,3,9,9,22,28,28,32,40,44,56,59,62,69,77,89,100,107,116,121,124,128,133,154,154,08/04/2020 10:00
Pfaffenhofen a.d. Ilm,9186,0,0,0,0,0,1,1,2,3,7,7,7,7,10,11,16,19,22,30,32,32,32,40,54,56,74,100,107,115,131,151,168,183,200,211,221,242,242,08/04/2020 10:00
Rosenheim,9187,0,0,0,0,0,0,3,3,7,13,16,17,27,31,45,68,75,84,144,225,231,258,384,500,623,623,745,747,777,861,963,1078,1105,1172,1189,1189,1310,1310,08/04/2020 8:00
Starnberg,9188,11,11,12,12,13,14,14,18,20,28,35,35,42,47,50,50,62,69,83,97,110,153,210,223,233,262,270,297,302,354,371,385,403,408,417,422,431,431,08/04/2020 18:30
Traunstein,9189,3,3,3,3,3,3,4,4,4,8,8,8,10,13,13,19,20,34,50,63,80,86,120,145,158,199,222,251,271,315,347,385,455,466,491,519,566,566,08/04/2020 8:00
Weilheim-Schongau,9190,0,0,1,1,3,3,3,3,3,8,8,11,19,19,26,27,44,56,74,84,93,104,115,136,154,177,183,186,203,227,242,257,273,279,288,290,296,296,08/04/2020 10:00
Landshut,9261,0,0,0,0,0,0,0,0,0,0,1,1,4,4,4,4,12,24,24,32,38,38,42,71,81,81,91,93,118,131,136,147,153,163,160,161,184,201,09/04/2020 10:00
Passau,9262,1,1,1,2,2,2,2,2,2,2,2,2,3,3,3,4,5,6,7,7,16,16,22,24,27,37,39,45,52,55,57,78,78,90,90,94,98,98,08/04/2020 0:00
Straubing,9263,0,0,0,0,0,0,0,0,0,0,2,3,5,6,8,14,14,29,29,30,40,44,49,58,66,77,79,88,106,126,139,156,178,179,180,208,218,218,08/04/2020 18:00
Deggendorf,9271,0,0,0,0,0,0,0,1,1,1,1,6,10,10,21,22,27,35,45,52,59,61,76,90,100,111,113,116,122,131,137,145,151,154,157,166,171,171,08/04/2020 18:40
Freyung-Grafenau,9272,0,0,0,0,0,0,0,0,0,0,0,0,4,5,7,8,8,8,10,10,20,20,37,37,39,62,79,92,98,102,108,111,113,113,113,123,127,127,08/04/2020 15:00
Kelheim,9273,0,0,0,0,0,1,2,2,3,3,3,3,6,6,6,14,22,26,36,42,50,56,62,76,89,101,126,127,132,154,193,218,238,258,266,278,283,317,09/04/2020 18:25
Landshut,9274,0,0,0,0,0,0,0,1,1,1,2,12,25,25,25,29,36,73,73,118,121,121,174,200,200,206,240,255,276,317,345,362,368,403,413,421,457,481,09/04/2020 10:00
Passau,9275,1,1,1,1,1,1,3,3,3,5,5,7,15,15,15,19,22,23,30,30,39,47,47,73,93,112,112,117,120,136,173,212,239,262,267,272,280,311,09/04/2020 10:00
Regen,9276,0,0,0,0,0,0,0,0,0,0,3,6,6,18,18,20,20,23,24,25,25,25,34,39,40,40,40,43,44,54,60,70,79,89,95,104,104,118,09/04/2020 0:00
Rottal-Inn,9277,0,0,0,0,0,0,0,1,2,7,7,10,14,17,30,36,46,55,59,75,87,110,144,160,180,192,243,286,313,355,374,410,432,494,516,537,568,568,08/04/2020 0:00
Straubing-Bogen,9278,0,0,0,0,0,0,0,1,1,2,2,2,3,4,4,13,14,29,38,43,43,46,57,58,67,81,83,92,120,138,154,180,198,200,202,229,259,259,08/04/2020 10:00
Dingolfing-Landau,9279,0,0,0,0,0,1,1,1,3,5,7,8,13,13,14,17,18,22,31,35,40,41,53,61,75,77,89,94,96,98,98,112,126,126,138,141,144,144,08/04/2020 16:00
Amberg,9361,0,0,0,0,0,0,0,0,0,0,0,1,1,1,2,2,2,2,2,5,5,6,7,7,7,9,9,9,18,18,22,37,34,34,34,41,49,49,08/04/2020 0:00
Regensburg,9362,0,0,0,0,0,0,0,0,0,0,2,7,7,7,17,38,62,74,74,82,90,98,105,124,133,146,152,158,166,183,207,222,239,263,283,296,313,313,08/04/2020 10:00
Weiden i.d. OPf.,9363,0,0,0,0,0,0,0,0,0,3,4,7,7,7,7,7,7,7,7,20,20,22,31,40,47,55,61,64,70,77,93,109,125,136,142,143,154,154,08/04/2020 10:00
Amberg-Sulzbach,9371,0,0,1,1,3,3,3,3,3,3,4,7,7,7,15,15,17,18,18,27,27,31,36,44,47,56,56,56,83,84,101,137,142,142,142,184,253,253,08/04/2020 0:00
Cham,9372,0,0,0,0,2,5,8,8,11,17,19,20,21,21,23,29,31,40,47,68,73,75,95,103,120,141,141,165,185,192,236,243,261,267,292,307,321,321,08/04/2020 10:00
Neumarkt i.d. OPf.,9373,0,0,0,0,0,0,0,2,2,2,2,5,5,5,11,17,18,18,18,18,18,35,43,43,43,69,80,87,110,118,123,131,138,146,146,160,170,170,08/04/2020 10:00
Neustadt a.d. Waldnaab,9374,0,0,0,0,0,0,0,0,1,1,1,1,1,1,1,2,2,3,16,27,30,33,62,72,99,148,152,184,212,242,290,343,373,406,419,424,472,506,09/04/2020 10:00
Regensburg,9375,0,0,0,0,1,1,4,4,7,7,7,12,14,14,19,27,56,67,67,76,85,87,94,107,121,132,147,156,162,174,195,217,238,259,279,290,316,316,08/04/2020 10:00
Schwandorf,9376,0,0,0,0,0,1,1,1,2,5,7,7,7,12,15,17,23,24,32,39,43,57,68,74,76,92,114,123,134,176,191,219,251,255,263,282,303,303,08/04/2020 8:00
Tirschenreuth,9377,0,0,0,0,0,0,0,0,1,3,5,10,17,30,40,47,47,77,77,182,182,202,236,259,323,397,398,454,504,579,665,702,762,762,814,873,895,895,08/04/2020 18:30
Bamberg,9461,0,0,0,0,0,0,0,0,0,0,0,3,4,4,9,11,21,25,26,30,30,34,39,55,65,67,67,70,80,83,90,93,93,102,118,122,127,133,09/04/2020 0:00
Bayreuth,9462,0,0,0,0,0,0,0,0,0,0,0,1,1,1,1,3,7,7,7,7,7,9,19,53,56,56,56,51,55,62,88,105,105,105,95,104,113,130,09/04/2020 10:00
Coburg,9463,0,0,0,0,0,0,0,0,0,0,0,0,1,2,2,3,3,6,8,10,10,10,14,15,17,20,23,23,24,25,26,29,31,32,32,36,38,38,08/04/2020 20:25
Hof,9464,0,0,0,0,0,0,0,0,0,1,1,1,2,4,4,5,9,9,10,11,11,11,15,19,23,24,26,33,39,43,48,48,51,60,60,64,65,65,08/04/2020 8:00
Bamberg,9471,0,0,0,0,0,0,0,0,0,1,4,7,9,9,10,16,41,41,41,48,53,75,107,138,151,161,161,174,182,205,229,237,248,280,280,304,314,324,09/04/2020 10:00
Bayreuth,9472,2,2,2,2,2,2,2,4,4,4,5,6,6,6,6,9,13,21,23,26,38,56,60,85,101,101,112,129,136,142,167,190,190,190,212,232,253,253,08/04/2020 12:04
Coburg,9473,0,0,0,0,0,0,0,0,0,1,1,3,3,6,6,10,13,19,22,22,23,27,33,36,38,46,50,51,54,62,67,73,79,84,85,88,103,103,08/04/2020 0:00
Forchheim,9474,0,0,0,0,0,0,0,0,0,1,4,4,4,4,8,8,14,18,19,19,25,40,45,59,73,73,78,86,86,98,122,134,134,148,149,156,158,158,08/04/2020 15:00
Hof,9475,0,0,0,0,1,1,1,1,1,1,1,2,5,6,7,7,13,17,40,46,51,66,70,75,85,118,118,120,159,169,182,197,210,210,202,221,242,242,08/04/2020 10:00
Kronach,9476,0,0,0,0,0,0,0,0,0,0,0,2,2,3,3,4,4,4,12,13,16,26,27,34,46,46,52,52,54,54,62,65,70,73,73,73,81,81,08/04/2020 8:00
Kulmbach,9477,0,0,0,0,0,0,0,0,0,0,0,1,1,1,1,12,12,12,21,21,33,33,42,52,69,69,74,74,80,93,95,102,102,106,117,124,130,130,08/04/2020 8:00
Lichtenfels,9478,0,0,0,0,0,0,0,0,0,0,0,1,1,1,3,5,5,7,7,20,21,25,27,46,54,57,74,79,81,88,105,112,115,125,133,137,142,142,08/04/2020 13:13
Wunsiedel i. Fichtelgebirge,9479,0,0,0,0,0,0,0,0,0,0,0,0,1,2,14,16,16,16,41,53,62,73,88,115,115,159,188,197,221,265,292,319,351,416,422,444,475,475,08/04/2020 0:00
Ansbach,9561,0,0,0,0,0,0,0,0,0,0,0,0,1,1,1,1,5,5,5,7,7,7,10,20,21,23,48,29,33,37,42,47,47,56,61,67,70,80,09/04/2020 12:00
Erlangen,9562,0,0,4,4,4,4,4,11,11,11,11,11,12,12,13,13,16,20,20,20,30,38,42,52,66,77,78,79,84,92,103,121,133,138,146,154,162,162,08/04/2020 16:00
Fürth,9563,0,0,0,0,0,0,0,5,5,6,6,7,8,9,9,10,12,16,17,22,24,25,29,37,44,52,72,76,76,91,96,102,143,143,169,180,203,223,09/04/2020 10:00
Nürnberg,9564,3,3,4,8,9,9,12,13,14,15,19,27,27,28,30,53,61,74,74,93,116,134,180,202,213,230,237,250,268,326,361,412,451,483,503,511,687,733,09/04/2020 0:00
Schwabach,9565,1,1,1,1,1,1,1,1,1,1,1,1,1,2,5,6,6,8,8,8,8,9,12,16,17,18,24,25,26,35,37,37,40,47,48,54,59,59,08/04/2020 10:00
Ansbach,9571,0,0,0,0,0,0,0,0,0,0,0,0,2,3,3,3,13,21,34,40,47,47,49,100,100,120,120,149,161,194,217,241,250,266,272,276,298,321,09/04/2020 12:00
Erlangen-Höchstadt,9572,1,1,1,2,2,2,2,2,2,2,4,4,5,7,7,9,14,21,21,25,30,39,42,48,48,56,56,59,68,76,91,102,118,118,122,133,146,146,08/04/2020 10:00
Fürth,9573,0,0,0,0,0,0,0,2,2,2,2,3,3,3,3,3,4,7,14,18,19,22,28,47,65,73,78,88,128,152,168,179,236,236,268,291,314,314,08/04/2020 10:00
Nürnberger Land,9574,0,0,0,0,1,1,1,1,1,1,1,3,3,6,7,23,36,40,40,71,79,93,124,138,154,154,201,215,234,282,320,357,357,375,383,409,427,427,08/04/2020 15:00
Neustadt a.d. Aisch-Bad Windsheim,9575,0,0,3,3,3,3,3,4,4,4,4,4,4,4,4,6,6,7,10,10,20,22,25,40,42,43,50,62,62,69,84,84,84,94,118,123,132,132,08/04/2020 0:00
Roth,9576,1,1,2,2,2,2,2,2,2,3,3,3,4,5,5,7,8,12,12,14,21,25,27,47,60,69,82,82,90,110,149,166,166,183,187,210,219,219,08/04/2020 10:00
Weißenburg-Gunzenhausen,9577,0,0,0,0,0,0,0,0,0,0,2,2,2,2,2,5,7,8,12,20,24,33,44,51,74,82,91,96,101,110,133,141,146,155,163,171,186,192,09/04/2020 7:30
Aschaffenburg,9661,0,0,0,0,0,0,1,1,1,1,1,6,6,6,20,20,20,20,22,26,28,30,31,32,36,42,46,46,48,50,60,63,66,68,90,98,100,100,08/04/2020 0:00
Schweinfurt,9662,0,0,0,0,0,0,0,0,0,0,1,1,3,4,8,9,9,12,13,13,13,13,13,13,19,19,27,40,50,55,65,69,78,84,90,90,94,94,08/04/2020 0:00
Würzburg,9663,2,2,2,2,4,4,6,6,7,12,16,27,30,35,40,41,42,66,85,87,88,104,117,128,204,217,243,250,276,294,310,318,356,361,363,372,379,383,09/04/2020 10:00
Aschaffenburg,9671,0,0,0,0,0,0,0,1,1,1,2,3,3,3,23,23,26,31,40,49,50,65,65,77,90,103,111,123,129,134,167,187,210,233,277,285,304,304,08/04/2020 0:00
Bad Kissingen,9672,0,0,1,1,1,1,1,1,3,3,3,3,3,7,7,9,10,14,17,27,27,32,35,37,54,63,70,73,82,102,118,125,127,132,133,140,155,155,08/04/2020 10:00
Rhön-Grabfeld,9673,0,0,0,0,0,0,0,0,0,0,0,1,1,1,3,3,11,11,11,13,18,21,23,29,37,38,38,41,41,46,52,65,76,76,77,93,100,100,08/04/2020 13:18
Haßberge,9674,0,0,0,0,0,0,0,0,0,0,4,6,6,8,8,9,9,14,15,17,20,24,30,34,36,42,47,50,62,70,78,80,80,87,90,92,98,98,08/04/2020 8:00
Kitzingen,9675,0,0,0,0,0,0,0,0,1,1,1,4,5,5,5,9,10,11,11,13,13,14,18,18,23,29,29,29,29,34,40,46,56,60,61,68,72,72,08/04/2020 10:00
Miltenberg,9676,0,0,0,0,0,0,0,0,0,0,0,4,4,4,5,15,25,25,41,47,47,50,60,72,79,92,92,103,107,124,150,157,174,178,182,194,211,211,08/04/2020 18:35
Main-Spessart,9677,0,0,0,0,0,0,1,1,1,1,1,5,5,5,8,8,9,11,12,14,15,21,32,38,41,51,56,67,67,75,76,82,91,104,107,110,117,117,08/04/2020 10:00
Schweinfurt,9678,0,0,0,0,0,0,0,0,0,0,4,4,6,10,16,18,18,27,35,37,45,50,60,79,79,92,137,147,137,144,165,189,215,230,257,268,274,274,08/04/2020 0:00
Würzburg,9679,0,0,0,3,3,3,9,9,10,16,19,32,36,41,47,60,70,100,100,130,149,167,180,215,172,211,201,215,230,244,260,268,278,290,293,298,305,305,08/04/2020 14:30
Augsburg,9761,2,2,2,3,4,4,4,4,4,5,5,11,11,11,22,30,34,43,46,52,59,75,90,108,130,136,157,172,183,190,201,225,236,247,256,273,281,294,09/04/2020 12:00
Kaufbeuren,9762,0,0,0,0,0,0,0,0,0,0,1,1,2,5,5,5,5,7,7,7,7,8,11,15,16,18,30,31,32,32,41,45,52,56,61,60,66,66,08/04/2020 10:00
Kempten (Allgäu),9763,0,0,0,0,0,0,0,0,0,0,0,0,4,4,4,4,4,4,4,4,4,24,28,30,34,38,39,40,42,43,44,49,53,53,58,60,65,65,08/04/2020 0:00
Memmingen,9764,0,0,0,0,0,0,0,0,0,0,0,1,1,1,3,5,8,9,14,15,15,17,21,23,26,26,26,27,29,29,31,36,36,40,40,40,40,40,08/04/2020 0:00
Aichach-Friedberg,9771,1,1,1,1,1,1,1,1,2,2,2,9,9,10,12,16,24,31,31,39,39,47,55,79,90,106,106,120,128,146,158,158,165,171,176,182,199,199,08/04/2020 10:00
Augsburg,9772,0,0,0,0,0,1,5,17,27,27,27,31,35,35,35,41,53,54,68,78,88,100,122,143,152,164,171,181,201,208,224,242,250,261,262,279,292,300,09/04/2020 12:00
Dillingen a.d. Donau,9773,0,0,0,0,0,0,0,0,0,0,0,0,0,0,0,1,1,6,8,8,17,17,17,26,29,33,38,48,52,52,62,78,80,90,90,90,96,96,08/04/2020 10:00
Günzburg,9774,0,0,0,0,0,0,0,0,0,0,0,3,3,3,3,3,11,11,14,25,26,30,37,54,77,77,90,101,104,117,125,130,138,140,149,149,161,161,08/04/2020 10:00
Neu-Ulm,9775,2,2,2,2,2,2,2,2,2,3,8,8,9,10,10,17,19,34,47,58,58,72,80,94,100,121,126,132,145,170,191,207,219,235,241,250,283,283,08/04/2020 10:00
Lindau (Bodensee),9776,2,2,2,2,4,4,5,5,6,6,8,12,12,19,19,21,23,35,51,51,51,53,67,80,93,100,102,120,128,131,142,167,176,188,190,194,201,201,08/04/2020 10:00
Ostallgäu,9777,3,3,3,4,4,4,4,5,5,6,8,10,10,11,14,16,16,24,26,38,40,69,78,94,100,116,133,149,156,171,203,258,280,296,312,355,355,355,08/04/2020 10:00
Unterallgäu,9778,0,0,0,0,0,0,0,0,0,5,5,10,15,18,18,19,19,31,42,48,56,59,60,87,99,113,123,131,137,139,154,174,180,184,193,210,220,220,08/04/2020 13:45
Donau-Ries,9779,0,0,0,0,2,2,3,3,3,6,6,6,6,10,10,10,16,20,20,20,33,33,47,58,67,67,76,90,93,95,118,173,173,191,216,235,252,252,08/04/2020 10:00
Oberallgäu,9780,0,0,1,1,1,4,7,8,9,14,14,14,24,28,34,36,45,45,50,50,51,51,63,70,77,87,91,96,99,105,108,117,127,130,137,144,146,146,08/04/2020 0:00
Regionalverband Saarbrücken,10041,1,1,1,1,1,1,1,1,5,8,10,10,20,27,27,63,86,102,114,121,147,163,169,190,211,250,268,268,359,421,511,534,582,648,665,698,770,770,08/04/2020 0:00
Merzig-Wadern,10042,0,0,0,0,0,0,1,1,3,4,4,4,6,8,10,11,14,15,19,20,24,25,30,37,37,45,52,55,64,66,74,84,84,121,127,137,150,150,08/04/2020 0:00
Neunkirchen,10043,0,0,0,0,0,0,1,1,2,3,4,4,9,13,13,22,26,34,34,34,47,47,49,64,78,81,98,106,114,126,135,144,151,154,159,165,169,169,08/04/2020 0:00
Saarlouis,10044,0,0,0,0,0,0,0,1,1,2,5,5,10,17,24,26,37,39,46,46,57,58,62,78,96,97,124,132,159,172,215,230,252,278,296,318,353,353,08/04/2020 0:00
Saarpfalz-Kreis,10045,0,0,0,1,3,3,3,3,3,3,4,4,14,17,17,28,35,40,43,56,76,87,94,102,115,115,115,156,169,189,213,222,222,222,242,255,262,262,08/04/2020 0:00
St. Wendel,10046,0,0,0,0,0,0,0,0,0,8,8,12,15,17,17,22,32,38,45,50,51,57,62,69,73,81,81,86,96,99,104,104,119,121,122,127,138,138,08/04/2020 0:00
Berlin,11000,9,9,15,19,28,40,48,58,90,137,174,263,283,332,383,519,688,868,1025,1071,1219,1425,1645,1937,2152,2337,2462,2581,2777,2993,3223,3486,3626,3687,3862,4038,4212,4357,08/04/2020 0:00
Brandenburg an der Havel,12051,0,0,0,0,0,0,0,0,0,0,0,0,0,1,1,2,4,7,8,8,10,12,12,13,14,15,16,17,21,24,27,29,31,33,33,37,39,41,09/04/2020 0:00
Cottbus,12052,0,0,0,0,0,0,0,3,3,3,8,13,15,16,17,20,20,20,22,24,27,28,28,29,29,30,31,31,31,32,34,34,34,34,34,34,34,34,08/04/2020 8:00
Frankfurt (Oder),12053,0,0,0,0,0,0,1,1,1,1,1,1,1,2,2,2,3,3,5,5,5,5,6,6,6,6,6,6,6,7,10,12,13,14,14,22,22,22,09/04/2020 0:00
Potsdam,12054,0,0,0,0,0,0,0,0,0,0,0,1,1,7,13,17,30,37,48,49,52,56,63,79,87,108,109,139,146,160,203,229,245,264,273,306,362,400,09/04/2020 16:00
Barnim,12060,0,0,0,0,0,0,0,0,2,2,4,8,10,11,11,20,21,29,37,38,40,46,50,56,61,65,68,73,74,81,87,94,102,109,120,123,126,179,09/04/2020 0:00
Dahme-Spreewald,12061,0,0,0,0,0,0,0,0,0,1,1,1,3,6,6,16,18,21,25,25,27,31,34,41,59,60,70,70,81,99,102,113,115,117,122,124,128,128,08/04/2020 0:00
Elbe-Elster,12062,0,0,0,0,0,0,0,3,3,3,5,5,6,6,6,6,7,8,8,8,8,16,16,17,27,27,27,33,38,39,44,53,53,53,61,65,66,66,08/04/2020 8:00
Havelland,12063,0,0,0,1,1,1,2,2,2,3,3,3,3,4,6,8,8,10,10,18,21,21,26,29,38,42,46,48,51,64,72,79,81,92,103,104,112,112,08/04/2020 8:16
Märkisch-Oderland,12064,0,0,0,0,0,0,0,2,2,3,5,5,13,13,13,26,29,40,41,41,47,47,62,69,70,71,76,80,86,94,94,102,108,112,114,117,120,120,08/04/2020 16:00
Oberhavel,12065,1,1,1,1,1,1,1,1,1,1,1,1,4,4,5,13,23,29,37,37,37,50,54,65,76,85,95,101,106,115,119,126,133,137,141,144,149,149,08/04/2020 12:00
Oberspreewald-Lausitz,12066,0,0,0,0,0,0,1,1,2,2,2,2,2,5,5,5,5,6,6,11,11,11,13,13,14,16,18,18,19,22,25,28,28,28,31,31,33,33,08/04/2020 16:00
Oder-Spree,12067,0,0,0,0,0,0,0,0,1,2,4,7,7,11,14,23,32,37,42,46,46,49,51,60,69,73,75,75,79,80,80,81,83,83,85,90,91,91,08/04/2020 12:06
Ostprignitz-Ruppin,12068,0,0,0,0,0,0,0,0,0,0,0,0,0,0,0,1,6,6,7,7,7,7,9,9,11,12,12,13,15,18,19,21,26,31,26,31,33,33,08/04/2020 8:00
Potsdam-Mittelmark,12069,0,0,0,0,0,0,0,0,2,3,4,4,7,7,8,14,20,28,32,35,38,40,54,65,88,93,98,98,120,137,145,175,188,199,204,213,226,245,09/04/2020 0:00
Prignitz,12070,0,0,0,0,0,0,0,0,0,0,0,0,0,0,0,1,1,1,1,1,1,6,6,6,9,9,9,9,9,9,9,9,9,13,15,17,17,18,09/04/2020 12:00
Spree-Neiße,12071,0,0,0,0,0,0,1,2,4,4,5,10,10,10,13,20,23,23,23,23,29,29,31,35,40,40,40,43,44,46,46,49,51,51,51,51,51,51,09/04/2020 0:00
Teltow-Fläming,12072,0,0,0,0,0,0,1,1,1,1,2,2,6,6,10,11,12,13,20,23,23,23,27,38,40,42,43,43,50,56,59,67,67,70,71,75,83,88,09/04/2020 0:00
Uckermark,12073,0,0,0,0,0,0,0,0,0,0,0,0,0,0,0,1,4,4,4,4,4,5,5,5,8,9,13,10,18,18,21,22,22,22,22,23,24,24,09/04/2020 0:00
Rostock,13003,0,0,0,0,0,0,0,2,2,4,6,8,10,11,16,23,23,23,25,27,29,29,34,38,48,53,56,58,59,60,61,62,64,64,65,71,71,72,09/04/2020 0:00
Schwerin,13004,0,0,0,0,0,0,0,0,1,1,4,7,7,9,10,19,29,33,38,38,38,46,47,53,56,60,62,62,69,71,74,75,77,77,77,83,84,86,09/04/2020 0:00
Mecklenburgische Seenplatte,13071,1,1,1,1,2,4,4,5,6,6,7,7,7,9,13,19,20,23,26,28,30,36,40,41,46,56,58,60,71,79,83,90,93,94,94,97,99,100,09/04/2020 0:00
Rostock,13072,0,0,0,0,0,0,2,3,3,6,8,10,11,11,13,13,13,17,17,17,18,20,24,24,25,26,26,29,31,32,37,42,44,46,46,46,47,50,09/04/2020 0:00
Vorpommern-Rügen,13073,1,1,2,2,2,2,2,2,3,4,4,4,5,6,6,9,10,12,15,15,15,17,18,23,33,33,38,38,41,51,55,58,59,61,62,63,65,66,09/04/2020 0:00
Nordwestmecklenburg,13074,0,0,0,0,0,0,0,0,0,0,0,0,0,3,3,4,15,17,17,17,18,21,24,24,25,28,28,28,36,38,44,51,51,51,51,54,55,59,09/04/2020 0:00
Vorpommern-Greifswald,13075,2,2,2,2,2,2,2,2,2,2,4,4,5,5,9,13,20,24,26,26,30,31,32,37,46,55,56,56,66,69,69,76,81,81,82,83,95,95,09/04/2020 0:00
Ludwigslust-Parchim,13076,0,0,0,0,0,0,0,0,0,0,0,1,1,2,2,3,13,18,18,19,24,27,27,28,31,37,37,39,44,45,45,47,54,54,54,57,57,57,09/04/2020 0:00
Chemnitz,14511,0,0,0,0,0,0,0,3,3,3,3,10,12,12,16,18,27,35,42,51,55,59,61,71,74,87,96,104,114,117,133,134,143,147,148,151,156,166,09/04/2020 14:00
Erzgebirgskreis,14521,0,0,0,0,0,0,0,0,0,0,2,2,2,2,11,15,27,29,33,50,55,57,59,65,76,96,104,114,133,150,244,274,276,288,303,319,333,342,09/04/2020 18:00
Mittelsachsen,14522,0,0,0,0,0,0,0,0,0,0,0,3,3,3,6,13,17,24,24,24,35,44,51,61,68,83,85,96,102,109,127,141,159,161,164,171,182,202,09/04/2020 0:00
Vogtlandkreis,14523,0,0,0,0,0,0,0,0,0,0,0,0,1,2,2,5,7,10,16,16,30,36,47,62,80,93,93,106,111,117,125,131,134,151,161,171,187,195,09/04/2020 0:00
Zwickau,14524,0,0,0,0,0,0,0,0,0,0,1,4,4,14,23,37,50,110,172,172,175,184,221,244,267,286,286,341,355,379,408,434,491,500,510,514,539,575,09/04/2020 12:00
Dresden,14612,0,0,0,0,0,2,3,4,5,6,11,11,23,23,40,49,60,97,115,123,154,169,216,239,287,314,320,339,358,378,398,407,436,448,455,458,466,476,09/04/2020 12:00
Bautzen,14625,0,0,0,0,1,4,4,4,7,12,12,14,19,19,24,36,48,55,56,86,88,101,112,114,141,156,168,171,180,189,193,202,206,207,215,222,231,242,09/04/2020 0:00
Görlitz,14626,0,0,0,0,0,0,1,2,2,5,6,6,7,7,9,10,15,18,28,28,29,30,33,35,59,62,69,69,75,82,88,96,161,167,181,182,199,205,09/04/2020 15:48
Meißen,14627,0,0,0,0,0,0,0,0,3,3,5,9,9,9,11,12,17,18,21,25,26,34,38,42,52,60,68,69,77,87,96,106,115,121,122,130,138,145,09/04/2020 0:00
Sächsische Schweiz-Osterzgebirge,14628,1,1,1,1,1,1,1,2,2,6,8,11,11,11,14,20,27,35,41,64,73,82,83,105,112,142,151,175,179,199,213,222,226,255,258,269,279,285,09/04/2020 0:00
Leipzig,14713,0,0,0,1,1,2,2,4,4,6,16,19,31,41,71,72,94,119,129,144,161,181,204,218,242,270,316,319,323,332,361,378,403,421,420,435,446,451,09/04/2020 12:00
Leipzig,14729,0,0,0,0,1,1,4,4,4,8,11,11,17,17,17,25,28,33,39,39,45,50,59,68,72,77,91,94,99,110,117,123,130,134,137,140,144,148,09/04/2020 0:00
Nordsachsen,14730,0,0,0,0,0,0,0,0,0,0,2,2,3,3,6,6,10,15,15,17,17,20,21,26,29,31,37,37,41,55,61,73,74,79,78,83,92,95,09/04/2020 0:00
Dessau-Roßlau,15001,0,0,0,0,0,0,0,0,0,0,1,1,1,2,3,4,5,9,10,11,12,15,16,20,20,20,20,20,20,20,23,29,33,35,35,41,41,47,09/04/2020 0:00
Halle (Saale),15002,0,0,0,0,0,0,1,2,5,9,9,12,12,19,27,38,50,57,68,78,80,85,91,104,113,137,153,169,175,185,195,210,217,214,217,223,238,244,09/04/2020 13:05
Magdeburg,15003,0,0,0,0,0,0,0,1,3,6,7,11,11,16,20,27,29,39,39,39,50,56,57,65,71,71,71,79,84,87,87,88,89,88,89,90,91,91,09/04/2020 0:00
Altmarkkreis Salzwedel,15081,0,0,0,0,0,0,0,0,0,1,1,1,1,1,3,3,3,3,6,6,8,9,10,10,12,12,12,14,15,15,17,17,17,19,21,22,25,27,09/04/2020 0:00
Anhalt-Bitterfeld,15082,0,0,0,0,0,0,0,0,1,1,2,2,2,6,6,6,8,9,12,13,16,17,26,27,30,30,32,37,37,39,39,41,47,48,49,48,49,49,09/04/2020 0:00
Börde,15083,0,0,0,0,0,0,0,2,2,2,3,4,11,13,16,22,25,29,30,36,40,41,44,44,50,50,53,56,56,60,61,64,66,68,69,74,78,79,09/04/2020 0:00
Burgenlandkreis,15084,0,0,0,0,0,0,0,1,1,1,2,2,4,6,8,12,14,15,15,15,19,21,27,27,27,27,27,34,37,38,38,50,51,52,54,54,61,64,09/04/2020 0:00
Harz,15085,0,0,0,0,0,0,0,0,1,1,2,4,4,6,7,7,11,12,14,14,23,24,29,38,49,52,58,67,68,69,73,79,80,84,92,108,114,124,09/04/2020 0:00
Jerichower Land,15086,0,0,0,0,0,0,0,0,0,0,1,1,1,1,1,3,3,6,6,6,7,10,13,16,16,16,16,18,20,20,20,22,22,25,26,27,28,28,09/04/2020 0:00
Mansfeld-Südharz,15087,0,0,0,0,0,0,0,0,1,1,1,1,1,1,2,3,4,5,8,10,14,14,16,16,16,16,16,19,20,25,26,29,29,30,30,30,30,33,09/04/2020 0:00
Saalekreis,15088,0,0,0,0,0,0,0,1,1,1,1,1,1,3,3,6,12,15,19,22,23,32,41,46,50,56,56,58,63,71,77,80,82,83,84,86,91,95,09/04/2020 0:00
Salzlandkreis,15089,0,0,0,0,0,0,0,1,3,6,7,7,7,8,8,8,11,18,18,18,21,27,33,37,37,37,37,39,40,44,45,48,49,54,56,58,59,59,09/04/2020 0:00
Stendal,15090,0,0,0,0,0,0,0,0,0,0,0,0,1,1,5,5,7,10,10,10,17,17,21,24,33,39,51,52,55,59,62,63,63,64,66,66,66,69,09/04/2020 0:00
Wittenberg,15091,0,0,0,0,0,0,0,0,1,2,2,2,2,2,3,7,11,15,19,24,36,38,53,60,62,66,80,82,89,92,97,101,107,113,113,121,126,130,09/04/2020 0:00
Erfurt,16051,0,0,0,0,1,1,1,1,2,2,3,3,10,16,16,16,18,27,27,28,44,53,57,62,72,72,74,77,82,87,89,92,94,95,97,103,107,107,09/04/2020 13:30
Gera,16052,0,0,0,0,0,0,0,0,1,1,1,1,1,1,1,4,5,5,5,5,7,7,7,8,14,18,19,19,22,25,34,35,36,36,37,39,40,46,09/04/2020 0:00
Jena,16053,0,0,0,0,0,0,0,0,0,0,2,8,9,12,20,30,45,55,55,77,90,93,94,102,110,114,116,119,122,126,135,136,139,142,145,147,148,155,09/04/2020 16:10
Suhl,16054,0,0,0,0,0,0,0,0,0,0,0,1,1,1,1,1,1,1,4,4,4,4,5,5,5,5,6,6,7,7,7,7,9,10,10,11,11,11,09/04/2020 0:00
Weimar,16055,0,0,0,0,0,0,0,1,1,1,1,2,2,2,2,6,11,11,11,11,14,16,20,22,24,27,29,31,33,37,41,44,46,49,50,50,51,54,09/04/2020 17:00
Eisenach,16056,0,0,0,0,0,0,0,0,0,1,1,1,1,1,1,1,1,1,1,1,1,1,1,3,3,4,4,4,4,6,6,8,8,8,9,9,11,11,09/04/2020 14:00
Eichsfeld,16061,0,0,0,0,0,0,0,0,0,0,0,1,2,3,3,3,4,7,8,16,18,23,31,39,41,45,51,51,52,60,62,66,69,73,73,77,82,84,09/04/2020 8:00
Nordhausen,16062,0,0,0,0,0,0,0,0,0,0,2,2,2,2,2,2,2,3,3,4,6,6,7,9,10,10,11,15,17,17,17,21,21,21,22,26,26,31,09/04/2020 0:00
Wartburgkreis,16063,0,0,0,0,0,0,0,0,0,0,0,0,2,3,5,5,5,10,12,13,13,14,15,15,15,17,17,18,19,27,29,29,29,29,29,31,31,32,09/04/2020 14:00
Unstrut-Hainich-Kreis,16064,0,0,0,0,0,0,0,0,0,0,0,0,0,1,2,2,5,5,5,5,6,7,8,10,10,10,11,15,18,21,25,31,35,35,35,40,43,45,09/04/2020 10:00
Kyffhäuserkreis,16065,0,0,0,0,0,0,2,2,2,5,6,6,6,8,8,8,8,10,12,12,12,12,15,17,19,19,19,19,19,23,23,25,27,27,27,28,28,36,09/04/2020 0:00
Schmalkalden-Meiningen,16066,0,0,0,0,0,0,0,0,0,1,2,2,2,2,3,5,5,9,13,15,15,15,19,21,25,27,28,30,30,33,33,36,36,38,39,42,49,55,09/04/2020 14:00
Gotha,16067,0,0,0,0,0,0,0,0,0,0,0,1,1,1,1,1,5,7,7,9,14,17,17,17,20,20,21,23,26,28,33,34,35,37,38,45,52,57,09/04/2020 0:00
Sömmerda,16068,0,0,0,0,0,0,0,0,0,0,0,0,0,0,0,0,1,2,3,4,6,8,10,14,20,22,22,22,23,24,27,29,29,29,30,30,31,33,09/04/2020 0:00
Hildburghausen,16069,0,0,0,0,0,0,0,0,0,0,0,0,0,0,0,0,0,0,1,1,1,2,3,6,6,7,7,9,10,10,10,11,11,11,11,11,11,13,09/04/2020 17:00
Ilm-Kreis,16070,0,0,0,0,0,0,0,0,1,1,1,1,1,1,2,3,4,5,7,11,13,20,24,30,43,51,55,58,61,65,72,79,80,93,95,97,98,101,09/04/2020 10:00
Weimarer Land,16071,0,0,0,0,0,0,0,0,0,0,0,1,1,1,1,2,4,5,9,9,12,12,15,15,17,18,21,22,24,26,29,30,36,41,54,54,54,57,09/04/2020 0:00
Sonneberg,16072,0,0,0,0,0,0,0,0,0,0,0,0,0,0,0,0,0,3,5,5,6,9,11,13,16,20,21,23,30,32,34,35,36,36,36,38,41,47,09/04/2020 0:00
Saalfeld-Rudolstadt,16073,0,0,0,0,0,0,0,0,0,0,5,5,5,5,5,5,8,12,12,17,17,17,20,25,33,33,33,33,39,45,47,48,48,48,52,52,52,54,09/04/2020 10:00
Saale-Holzland-Kreis,16074,0,0,0,0,0,0,0,1,1,3,3,3,3,3,4,5,10,14,14,17,17,18,19,20,21,22,27,28,29,30,35,36,36,45,46,47,47,49,09/04/2020 14:00
Saale-Orla-Kreis,16075,1,1,1,1,1,1,3,3,3,3,3,3,3,3,3,4,5,6,7,7,9,9,9,10,27,27,27,32,34,37,47,60,61,65,70,70,80,83,09/04/2020 0:00
Greiz,16076,0,0,0,0,0,0,0,0,0,0,0,0,0,3,3,7,15,29,30,36,45,51,58,89,103,111,121,130,132,141,154,166,175,182,194,201,214,221,09/04/2020 0:00
Altenburger Land,16077,0,0,0,0,0,0,0,0,0,0,2,2,3,4,4,5,5,5,5,7,8,16,17,17,18,19,20,20,21,24,28,30,30,30,31,31,33,33,09/04/2020 0:00